Lattice Timing Report -  Setup  and Hold, Version Radiant Software (64-bit) 2024.2.0.3.0

Mon Sep  1 17:13:53 2025

Copyright (c) 1991-1994 by NeoCAD Inc. All rights reserved.
Copyright (c) 1995 AT&T Corp.   All rights reserved.
Copyright (c) 1995-2001 Lucent Technologies Inc.  All rights reserved.
Copyright (c) 2001 Agere Systems   All rights reserved.
Copyright (c) 2002-2024 Lattice Semiconductor Corporation,  All rights reserved.

Command line:    timing -sethld -v 10 -u 10 -endpoints 10 -nperend 1 -sp High-Performance_1.2V -hsp m -pwrprd -html -rpt e155_lab1_impl_1.twr e155_lab1_impl_1.udb -gui -msgset C:/Users/kanparker/Downloads/E155-lab1/fpga/src/e155_lab1/promote.xml

-----------------------------------------
Design:          top
Family:          iCE40UP
Device:          iCE40UP5K
Package:         SG48
Performance:     High-Performance_1.2V
Package Status:                     Preliminary    Version 1.5
**Performance Hardware Data Status :   Advanced Version 1.0
-----------------------------------------


=====================================================================
                    Table of Contents
=====================================================================
    1  Timing Overview
        1.1  SDC Constraints
        1.2  Constraint Coverage
        1.3  Overall Summary
        1.4  Unconstrained Report
        1.5  Combinational Loop
    2  Setup at Speed Grade High-Performance_1.2V Corner at 100 Degrees
        2.1  Clock Summary
        2.2  Endpoint slacks
        2.3  Detailed Report
    3  Hold at Speed Grade m Corner at -40 Degrees
        3.1  Endpoint slacks
        3.2  Detailed Report

=====================================================================
                    End of Table of Contents
=====================================================================

==============================================
1  Timing Overview
==============================================

1.1  SDC Constraints
=====================
create_clock -name {int_osc} -period 20.8333 [get_pins {hf_osc.osc_inst/CLKHF }] 

1.2  Constraint Coverage
---------------------------
Constraint Coverage: 92.5926%


1.3  Overall Summary
---------------------------
 Setup at Speed Grade High-Performance_1.2V Corner at 100 Degrees     Timing Errors: 0 endpoints;  Total Negative Slack: 0.000 ns 
 Hold at Speed Grade m Corner at -40 Degrees                          Timing Errors: 0 endpoints;  Total Negative Slack: 0.000 ns 

1.4  Unconstrained Report
===========================

1.4.1  Unconstrained Start/End Points
--------------------------------------

Clocked but unconstrained timing start points
--------------------------------------------------
There is no start point satisfying reporting criteria


Clocked but unconstrained timing end points
--------------------------------------------------
There is no end point satisfying reporting criteria


1.4.2  Start/End Points Without Timing Constraints
---------------------------------------------------

I/O ports without constraint
----------------------------
Possible constraints to use on I/O ports are:
set_input_delay,
set_output_delay,
set_max_delay,
create_clock,
create_generated_clock,
...

-------------------------------------------------------------------
     Listing 8 Start or End Points      |           Type           
-------------------------------------------------------------------
s[3]                                    |                     input
s[2]                                    |                     input
s[1]                                    |                     input
s[0]                                    |                     input
clk                                     |                     input
led[2]                                  |                    output
led[1]                                  |                    output
led[0]                                  |                    output
-------------------------------------------------------------------
                                        |                          
Number of I/O ports without constraint  |                         8
                                        |                          
-------------------------------------------------------------------

Nets without clock definition
Define a clock on a top level port or a generated clock on a clock divider pin associated with this net(s).
--------------------------------------------------
There is no instance satisfying reporting criteria



1.5  Combinational Loop
========================
None

===============================================================
2  Setup at Speed Grade High-Performance_1.2V Corner at 100 Degrees
===============================================================

2.1  Clock Summary
=======================

2.1.1 Clock "int_osc"
=======================
create_clock -name {int_osc} -period 20.8333 [get_pins {hf_osc.osc_inst/CLKHF }] 

Single Clock Domain
-------------------------------------------------------------------------------------------------------
             Clock int_osc              |                    |       Period       |     Frequency      
-------------------------------------------------------------------------------------------------------
 From int_osc                           |             Target |          20.833 ns |         48.000 MHz 
                                        | Actual (all paths) |          20.792 ns |         48.095 MHz 
hf_osc.osc_inst/CLKHF (MPW)             |   (50% duty cycle) |          20.792 ns |         48.095 MHz 
-------------------------------------------------------------------------------------------------------

Clock Domain Crossing

2.2  Endpoint slacks
=======================
-------------------------------------------------------
          Listing 10 End Points          |    Slack    
-------------------------------------------------------
counter_10__i32/D                        |    5.215 ns 
counter_10__i31/D                        |    6.047 ns 
counter_10__i30/D                        |    6.324 ns 
counter_10__i29/D                        |    6.601 ns 
counter_10__i28/D                        |    6.878 ns 
counter_10__i27/D                        |    7.155 ns 
counter_10__i26/D                        |    7.432 ns 
counter_10__i25/D                        |    7.709 ns 
counter_10__i24/D                        |    7.986 ns 
counter_10__i23/D                        |    8.818 ns 
-------------------------------------------------------
                                         |             
Setup # of endpoints with negative slack:|           0 
                                         |             
-------------------------------------------------------

2.3  Detailed Report
=======================


XXXXXXXXXXXXXXXXXXXXXXXXXXXXXXXXXXXXXXXXXXXXXXXXXXXXXXXXXX

Detail report of critical paths

XXXXXXXXXXXXXXXXXXXXXXXXXXXXXXXXXXXXXXXXXXXXXXXXXXXXXXXXXX

 +++++++++++++++++++++++++++++++++++++++++++++++++++++++++++++++++++++
                    Detailed Report for timing paths 
 +++++++++++++++++++++++++++++++++++++++++++++++++++++++++++++++++++++

 ++++Path 1  ++++++++++++++++++++++++++++++++++++++++++++++++++++++++++

Path Begin       : counter_10__i1/Q  (SLICE_R3C27A)
Path End         : counter_10__i32/D  (SLICE_R3C31A)
Source Clock     : int_osc (R)
Destination Clock: int_osc (R)
Logic Level      : 33
Delay Ratio      : 31.8% (route), 68.2% (logic)
Clock Skew       : 0.000 ns 
Setup Constraint : 20.833 ns 
Path Slack       : 5.215 ns  (Passed)


Source Clock Path
Name                                      Cell/Site Name     Delay Name           Incr      Arrival/Required Time  Fanout  
----------------------------------------  -----------------  -------------------  --------  ---------------------  ------  
hf_osc.osc_inst/CLKHF                     HFOSC_HFOSC_R1C32  CLOCK LATENCY           0.000                  0.000  18      
int_osc                                                      NET DELAY               5.499                  5.499  18      
counter_10__i1/CK                                            CLOCK PIN               0.000                  5.499  1       


Data Path
Name                                      Cell/Site Name     Delay Name           Incr      Arrival/Required Time  Fanout  
----------------------------------------  -----------------  -------------------  --------  ---------------------  ------  
counter_10__i1/CK->counter_10__i1/Q       SLICE_R3C27A       CLK_TO_Q1_DELAY         1.388                  6.887  1       
n32                                                          NET DELAY               2.022                  8.909  1       
counter_10_add_4_1/C1->counter_10_add_4_1/CO1
                                          SLICE_R3C27A       C1_TO_COUT1_DELAY       0.343                  9.252  2       
n138                                                         NET DELAY               0.000                  9.252  2       
counter_10_add_4_3/CI0->counter_10_add_4_3/CO0
                                          SLICE_R3C27B       CIN0_TO_COUT0_DELAY     0.277                  9.529  2       
n582                                                         NET DELAY               0.000                  9.529  2       
counter_10_add_4_3/CI1->counter_10_add_4_3/CO1
                                          SLICE_R3C27B       CIN1_TO_COUT1_DELAY     0.277                  9.806  2       
n140                                                         NET DELAY               0.000                  9.806  2       
counter_10_add_4_5/CI0->counter_10_add_4_5/CO0
                                          SLICE_R3C27C       CIN0_TO_COUT0_DELAY     0.277                 10.083  2       
n585                                                         NET DELAY               0.000                 10.083  2       
counter_10_add_4_5/CI1->counter_10_add_4_5/CO1
                                          SLICE_R3C27C       CIN1_TO_COUT1_DELAY     0.277                 10.360  2       
n142                                                         NET DELAY               0.000                 10.360  2       
counter_10_add_4_7/CI0->counter_10_add_4_7/CO0
                                          SLICE_R3C27D       CIN0_TO_COUT0_DELAY     0.277                 10.637  2       
n588                                                         NET DELAY               0.000                 10.637  2       
counter_10_add_4_7/CI1->counter_10_add_4_7/CO1
                                          SLICE_R3C27D       CIN1_TO_COUT1_DELAY     0.277                 10.914  2       
n144                                                         NET DELAY               0.555                 11.469  2       
counter_10_add_4_9/CI0->counter_10_add_4_9/CO0
                                          SLICE_R3C28A       CIN0_TO_COUT0_DELAY     0.277                 11.746  2       
n591                                                         NET DELAY               0.000                 11.746  2       
counter_10_add_4_9/CI1->counter_10_add_4_9/CO1
                                          SLICE_R3C28A       CIN1_TO_COUT1_DELAY     0.277                 12.023  2       
n146                                                         NET DELAY               0.000                 12.023  2       
counter_10_add_4_11/CI0->counter_10_add_4_11/CO0
                                          SLICE_R3C28B       CIN0_TO_COUT0_DELAY     0.277                 12.300  2       
n594                                                         NET DELAY               0.000                 12.300  2       
counter_10_add_4_11/CI1->counter_10_add_4_11/CO1
                                          SLICE_R3C28B       CIN1_TO_COUT1_DELAY     0.277                 12.577  2       
n148                                                         NET DELAY               0.000                 12.577  2       
counter_10_add_4_13/CI0->counter_10_add_4_13/CO0
                                          SLICE_R3C28C       CIN0_TO_COUT0_DELAY     0.277                 12.854  2       
n597                                                         NET DELAY               0.000                 12.854  2       
counter_10_add_4_13/CI1->counter_10_add_4_13/CO1
                                          SLICE_R3C28C       CIN1_TO_COUT1_DELAY     0.277                 13.131  2       
n150                                                         NET DELAY               0.000                 13.131  2       
counter_10_add_4_15/CI0->counter_10_add_4_15/CO0
                                          SLICE_R3C28D       CIN0_TO_COUT0_DELAY     0.277                 13.408  2       
n600                                                         NET DELAY               0.000                 13.408  2       
counter_10_add_4_15/CI1->counter_10_add_4_15/CO1
                                          SLICE_R3C28D       CIN1_TO_COUT1_DELAY     0.277                 13.685  2       
n152                                                         NET DELAY               0.555                 14.240  2       
counter_10_add_4_17/CI0->counter_10_add_4_17/CO0
                                          SLICE_R3C29A       CIN0_TO_COUT0_DELAY     0.277                 14.517  2       
n603                                                         NET DELAY               0.000                 14.517  2       
counter_10_add_4_17/CI1->counter_10_add_4_17/CO1
                                          SLICE_R3C29A       CIN1_TO_COUT1_DELAY     0.277                 14.794  2       
n154                                                         NET DELAY               0.000                 14.794  2       
counter_10_add_4_19/CI0->counter_10_add_4_19/CO0
                                          SLICE_R3C29B       CIN0_TO_COUT0_DELAY     0.277                 15.071  2       
n606                                                         NET DELAY               0.000                 15.071  2       
counter_10_add_4_19/CI1->counter_10_add_4_19/CO1
                                          SLICE_R3C29B       CIN1_TO_COUT1_DELAY     0.277                 15.348  2       
n156                                                         NET DELAY               0.000                 15.348  2       
counter_10_add_4_21/CI0->counter_10_add_4_21/CO0
                                          SLICE_R3C29C       CIN0_TO_COUT0_DELAY     0.277                 15.625  2       
n609                                                         NET DELAY               0.000                 15.625  2       
counter_10_add_4_21/CI1->counter_10_add_4_21/CO1
                                          SLICE_R3C29C       CIN1_TO_COUT1_DELAY     0.277                 15.902  2       
n158                                                         NET DELAY               0.000                 15.902  2       
counter_10_add_4_23/CI0->counter_10_add_4_23/CO0
                                          SLICE_R3C29D       CIN0_TO_COUT0_DELAY     0.277                 16.179  2       
n612                                                         NET DELAY               0.000                 16.179  2       
counter_10_add_4_23/CI1->counter_10_add_4_23/CO1
                                          SLICE_R3C29D       CIN1_TO_COUT1_DELAY     0.277                 16.456  2       
n160                                                         NET DELAY               0.555                 17.011  2       
counter_10_add_4_25/CI0->counter_10_add_4_25/CO0
                                          SLICE_R3C30A       CIN0_TO_COUT0_DELAY     0.277                 17.288  2       
n615                                                         NET DELAY               0.000                 17.288  2       
counter_10_add_4_25/CI1->counter_10_add_4_25/CO1
                                          SLICE_R3C30A       CIN1_TO_COUT1_DELAY     0.277                 17.565  2       
n162                                                         NET DELAY               0.000                 17.565  2       
counter_10_add_4_27/CI0->counter_10_add_4_27/CO0
                                          SLICE_R3C30B       CIN0_TO_COUT0_DELAY     0.277                 17.842  2       
n618                                                         NET DELAY               0.000                 17.842  2       
counter_10_add_4_27/CI1->counter_10_add_4_27/CO1
                                          SLICE_R3C30B       CIN1_TO_COUT1_DELAY     0.277                 18.119  2       
n164                                                         NET DELAY               0.000                 18.119  2       
counter_10_add_4_29/CI0->counter_10_add_4_29/CO0
                                          SLICE_R3C30C       CIN0_TO_COUT0_DELAY     0.277                 18.396  2       
n621                                                         NET DELAY               0.000                 18.396  2       
counter_10_add_4_29/CI1->counter_10_add_4_29/CO1
                                          SLICE_R3C30C       CIN1_TO_COUT1_DELAY     0.277                 18.673  2       
n166                                                         NET DELAY               0.000                 18.673  2       
counter_10_add_4_31/CI0->counter_10_add_4_31/CO0
                                          SLICE_R3C30D       CIN0_TO_COUT0_DELAY     0.277                 18.950  2       
n624                                                         NET DELAY               0.000                 18.950  2       
counter_10_add_4_31/CI1->counter_10_add_4_31/CO1
                                          SLICE_R3C30D       CIN1_TO_COUT1_DELAY     0.277                 19.227  2       
n168                                                         NET DELAY               1.216                 20.443  2       
counter_10_add_4_33/D0->counter_10_add_4_33/S0
                                          SLICE_R3C31A       D0_TO_F0_DELAY          0.476                 20.919  1       
led_c_31_N_1[31]                                             NET DELAY               0.000                 20.919  1       
counter_10__i32/D                                            ENDPOINT                0.000                 20.919  1       


Destination Clock Path
Name                                      Cell/Site Name     Delay Name           Incr      Arrival/Required Time  Fanout  
----------------------------------------  -----------------  -------------------  --------  ---------------------  ------  
                                                             CONSTRAINT              0.000                 20.833  1       
hf_osc.osc_inst/CLKHF                     HFOSC_HFOSC_R1C32  CLOCK LATENCY           0.000                 20.833  18      
int_osc                                                      NET DELAY               5.499                 26.332  18      
counter_10__i32/CK                                           CLOCK PIN               0.000                 26.332  1       
                                                             Uncertainty          -(0.000)                 26.332  
                                                             Setup time           -(0.198)                 26.134  
----------------------------------------  -----------------  -------------------  --------  ---------------------  ------  
Required Time                                                                                              26.134  
Arrival Time                                                                                            -(20.918)  
----------------------------------------  -----------------  -------------------  --------  ---------------------  ------  
Path Slack  (Passed)                                                                                        5.215  




++++ Path 2 ++++++++++++++++++++++++++++++++++++++++++++++++++++++++++ 

Path Begin       : counter_10__i1/Q  (SLICE_R3C27A)
Path End         : counter_10__i31/D  (SLICE_R3C30D)
Source Clock     : int_osc (R)
Destination Clock: int_osc (R)
Logic Level      : 32
Delay Ratio      : 29.8% (route), 70.2% (logic)
Clock Skew       : 0.000 ns 
Setup Constraint : 20.833 ns 
Path Slack       : 6.047 ns  (Passed)


Source Clock Path
Name                                      Cell/Site Name     Delay Name           Incr      Arrival/Required Time  Fanout  
----------------------------------------  -----------------  -------------------  --------  ---------------------  ------  
hf_osc.osc_inst/CLKHF                     HFOSC_HFOSC_R1C32  CLOCK LATENCY           0.000                  0.000  18      
int_osc                                                      NET DELAY               5.499                  5.499  18      
counter_10__i1/CK                                            CLOCK PIN               0.000                  5.499  1       


Data Path
Name                                      Cell/Site Name     Delay Name           Incr      Arrival/Required Time  Fanout  
----------------------------------------  -----------------  -------------------  --------  ---------------------  ------  
counter_10__i1/CK->counter_10__i1/Q       SLICE_R3C27A       CLK_TO_Q1_DELAY         1.388                  6.887  1       
n32                                                          NET DELAY               2.022                  8.909  1       
counter_10_add_4_1/C1->counter_10_add_4_1/CO1
                                          SLICE_R3C27A       C1_TO_COUT1_DELAY       0.343                  9.252  2       
n138                                                         NET DELAY               0.000                  9.252  2       
counter_10_add_4_3/CI0->counter_10_add_4_3/CO0
                                          SLICE_R3C27B       CIN0_TO_COUT0_DELAY     0.277                  9.529  2       
n582                                                         NET DELAY               0.000                  9.529  2       
counter_10_add_4_3/CI1->counter_10_add_4_3/CO1
                                          SLICE_R3C27B       CIN1_TO_COUT1_DELAY     0.277                  9.806  2       
n140                                                         NET DELAY               0.000                  9.806  2       
counter_10_add_4_5/CI0->counter_10_add_4_5/CO0
                                          SLICE_R3C27C       CIN0_TO_COUT0_DELAY     0.277                 10.083  2       
n585                                                         NET DELAY               0.000                 10.083  2       
counter_10_add_4_5/CI1->counter_10_add_4_5/CO1
                                          SLICE_R3C27C       CIN1_TO_COUT1_DELAY     0.277                 10.360  2       
n142                                                         NET DELAY               0.000                 10.360  2       
counter_10_add_4_7/CI0->counter_10_add_4_7/CO0
                                          SLICE_R3C27D       CIN0_TO_COUT0_DELAY     0.277                 10.637  2       
n588                                                         NET DELAY               0.000                 10.637  2       
counter_10_add_4_7/CI1->counter_10_add_4_7/CO1
                                          SLICE_R3C27D       CIN1_TO_COUT1_DELAY     0.277                 10.914  2       
n144                                                         NET DELAY               0.555                 11.469  2       
counter_10_add_4_9/CI0->counter_10_add_4_9/CO0
                                          SLICE_R3C28A       CIN0_TO_COUT0_DELAY     0.277                 11.746  2       
n591                                                         NET DELAY               0.000                 11.746  2       
counter_10_add_4_9/CI1->counter_10_add_4_9/CO1
                                          SLICE_R3C28A       CIN1_TO_COUT1_DELAY     0.277                 12.023  2       
n146                                                         NET DELAY               0.000                 12.023  2       
counter_10_add_4_11/CI0->counter_10_add_4_11/CO0
                                          SLICE_R3C28B       CIN0_TO_COUT0_DELAY     0.277                 12.300  2       
n594                                                         NET DELAY               0.000                 12.300  2       
counter_10_add_4_11/CI1->counter_10_add_4_11/CO1
                                          SLICE_R3C28B       CIN1_TO_COUT1_DELAY     0.277                 12.577  2       
n148                                                         NET DELAY               0.000                 12.577  2       
counter_10_add_4_13/CI0->counter_10_add_4_13/CO0
                                          SLICE_R3C28C       CIN0_TO_COUT0_DELAY     0.277                 12.854  2       
n597                                                         NET DELAY               0.000                 12.854  2       
counter_10_add_4_13/CI1->counter_10_add_4_13/CO1
                                          SLICE_R3C28C       CIN1_TO_COUT1_DELAY     0.277                 13.131  2       
n150                                                         NET DELAY               0.000                 13.131  2       
counter_10_add_4_15/CI0->counter_10_add_4_15/CO0
                                          SLICE_R3C28D       CIN0_TO_COUT0_DELAY     0.277                 13.408  2       
n600                                                         NET DELAY               0.000                 13.408  2       
counter_10_add_4_15/CI1->counter_10_add_4_15/CO1
                                          SLICE_R3C28D       CIN1_TO_COUT1_DELAY     0.277                 13.685  2       
n152                                                         NET DELAY               0.555                 14.240  2       
counter_10_add_4_17/CI0->counter_10_add_4_17/CO0
                                          SLICE_R3C29A       CIN0_TO_COUT0_DELAY     0.277                 14.517  2       
n603                                                         NET DELAY               0.000                 14.517  2       
counter_10_add_4_17/CI1->counter_10_add_4_17/CO1
                                          SLICE_R3C29A       CIN1_TO_COUT1_DELAY     0.277                 14.794  2       
n154                                                         NET DELAY               0.000                 14.794  2       
counter_10_add_4_19/CI0->counter_10_add_4_19/CO0
                                          SLICE_R3C29B       CIN0_TO_COUT0_DELAY     0.277                 15.071  2       
n606                                                         NET DELAY               0.000                 15.071  2       
counter_10_add_4_19/CI1->counter_10_add_4_19/CO1
                                          SLICE_R3C29B       CIN1_TO_COUT1_DELAY     0.277                 15.348  2       
n156                                                         NET DELAY               0.000                 15.348  2       
counter_10_add_4_21/CI0->counter_10_add_4_21/CO0
                                          SLICE_R3C29C       CIN0_TO_COUT0_DELAY     0.277                 15.625  2       
n609                                                         NET DELAY               0.000                 15.625  2       
counter_10_add_4_21/CI1->counter_10_add_4_21/CO1
                                          SLICE_R3C29C       CIN1_TO_COUT1_DELAY     0.277                 15.902  2       
n158                                                         NET DELAY               0.000                 15.902  2       
counter_10_add_4_23/CI0->counter_10_add_4_23/CO0
                                          SLICE_R3C29D       CIN0_TO_COUT0_DELAY     0.277                 16.179  2       
n612                                                         NET DELAY               0.000                 16.179  2       
counter_10_add_4_23/CI1->counter_10_add_4_23/CO1
                                          SLICE_R3C29D       CIN1_TO_COUT1_DELAY     0.277                 16.456  2       
n160                                                         NET DELAY               0.555                 17.011  2       
counter_10_add_4_25/CI0->counter_10_add_4_25/CO0
                                          SLICE_R3C30A       CIN0_TO_COUT0_DELAY     0.277                 17.288  2       
n615                                                         NET DELAY               0.000                 17.288  2       
counter_10_add_4_25/CI1->counter_10_add_4_25/CO1
                                          SLICE_R3C30A       CIN1_TO_COUT1_DELAY     0.277                 17.565  2       
n162                                                         NET DELAY               0.000                 17.565  2       
counter_10_add_4_27/CI0->counter_10_add_4_27/CO0
                                          SLICE_R3C30B       CIN0_TO_COUT0_DELAY     0.277                 17.842  2       
n618                                                         NET DELAY               0.000                 17.842  2       
counter_10_add_4_27/CI1->counter_10_add_4_27/CO1
                                          SLICE_R3C30B       CIN1_TO_COUT1_DELAY     0.277                 18.119  2       
n164                                                         NET DELAY               0.000                 18.119  2       
counter_10_add_4_29/CI0->counter_10_add_4_29/CO0
                                          SLICE_R3C30C       CIN0_TO_COUT0_DELAY     0.277                 18.396  2       
n621                                                         NET DELAY               0.000                 18.396  2       
counter_10_add_4_29/CI1->counter_10_add_4_29/CO1
                                          SLICE_R3C30C       CIN1_TO_COUT1_DELAY     0.277                 18.673  2       
n166                                                         NET DELAY               0.000                 18.673  2       
counter_10_add_4_31/CI0->counter_10_add_4_31/CO0
                                          SLICE_R3C30D       CIN0_TO_COUT0_DELAY     0.277                 18.950  2       
n624                                                         NET DELAY               0.661                 19.611  2       
counter_10_add_4_31/D1->counter_10_add_4_31/S1
                                          SLICE_R3C30D       D1_TO_F1_DELAY          0.476                 20.087  1       
led_c_31_N_1[30]                                             NET DELAY               0.000                 20.087  1       
counter_10__i31/D                                            ENDPOINT                0.000                 20.087  1       


Destination Clock Path
Name                                      Cell/Site Name     Delay Name           Incr      Arrival/Required Time  Fanout  
----------------------------------------  -----------------  -------------------  --------  ---------------------  ------  
                                                             CONSTRAINT              0.000                 20.833  1       
hf_osc.osc_inst/CLKHF                     HFOSC_HFOSC_R1C32  CLOCK LATENCY           0.000                 20.833  18      
int_osc                                                      NET DELAY               5.499                 26.332  18      
{counter_10__i30/CK   counter_10__i31/CK}
                                                             CLOCK PIN               0.000                 26.332  1       
                                                             Uncertainty          -(0.000)                 26.332  
                                                             Setup time           -(0.198)                 26.134  
----------------------------------------  -----------------  -------------------  --------  ---------------------  ------  
Required Time                                                                                              26.134  
Arrival Time                                                                                            -(20.086)  
----------------------------------------  -----------------  -------------------  --------  ---------------------  ------  
Path Slack  (Passed)                                                                                        6.047  




++++ Path 3 ++++++++++++++++++++++++++++++++++++++++++++++++++++++++++ 

Path Begin       : counter_10__i1/Q  (SLICE_R3C27A)
Path End         : counter_10__i30/D  (SLICE_R3C30D)
Source Clock     : int_osc (R)
Destination Clock: int_osc (R)
Logic Level      : 31
Delay Ratio      : 30.4% (route), 69.6% (logic)
Clock Skew       : 0.000 ns 
Setup Constraint : 20.833 ns 
Path Slack       : 6.324 ns  (Passed)


Source Clock Path
Name                                      Cell/Site Name     Delay Name           Incr      Arrival/Required Time  Fanout  
----------------------------------------  -----------------  -------------------  --------  ---------------------  ------  
hf_osc.osc_inst/CLKHF                     HFOSC_HFOSC_R1C32  CLOCK LATENCY           0.000                  0.000  18      
int_osc                                                      NET DELAY               5.499                  5.499  18      
counter_10__i1/CK                                            CLOCK PIN               0.000                  5.499  1       


Data Path
Name                                      Cell/Site Name     Delay Name           Incr      Arrival/Required Time  Fanout  
----------------------------------------  -----------------  -------------------  --------  ---------------------  ------  
counter_10__i1/CK->counter_10__i1/Q       SLICE_R3C27A       CLK_TO_Q1_DELAY         1.388                  6.887  1       
n32                                                          NET DELAY               2.022                  8.909  1       
counter_10_add_4_1/C1->counter_10_add_4_1/CO1
                                          SLICE_R3C27A       C1_TO_COUT1_DELAY       0.343                  9.252  2       
n138                                                         NET DELAY               0.000                  9.252  2       
counter_10_add_4_3/CI0->counter_10_add_4_3/CO0
                                          SLICE_R3C27B       CIN0_TO_COUT0_DELAY     0.277                  9.529  2       
n582                                                         NET DELAY               0.000                  9.529  2       
counter_10_add_4_3/CI1->counter_10_add_4_3/CO1
                                          SLICE_R3C27B       CIN1_TO_COUT1_DELAY     0.277                  9.806  2       
n140                                                         NET DELAY               0.000                  9.806  2       
counter_10_add_4_5/CI0->counter_10_add_4_5/CO0
                                          SLICE_R3C27C       CIN0_TO_COUT0_DELAY     0.277                 10.083  2       
n585                                                         NET DELAY               0.000                 10.083  2       
counter_10_add_4_5/CI1->counter_10_add_4_5/CO1
                                          SLICE_R3C27C       CIN1_TO_COUT1_DELAY     0.277                 10.360  2       
n142                                                         NET DELAY               0.000                 10.360  2       
counter_10_add_4_7/CI0->counter_10_add_4_7/CO0
                                          SLICE_R3C27D       CIN0_TO_COUT0_DELAY     0.277                 10.637  2       
n588                                                         NET DELAY               0.000                 10.637  2       
counter_10_add_4_7/CI1->counter_10_add_4_7/CO1
                                          SLICE_R3C27D       CIN1_TO_COUT1_DELAY     0.277                 10.914  2       
n144                                                         NET DELAY               0.555                 11.469  2       
counter_10_add_4_9/CI0->counter_10_add_4_9/CO0
                                          SLICE_R3C28A       CIN0_TO_COUT0_DELAY     0.277                 11.746  2       
n591                                                         NET DELAY               0.000                 11.746  2       
counter_10_add_4_9/CI1->counter_10_add_4_9/CO1
                                          SLICE_R3C28A       CIN1_TO_COUT1_DELAY     0.277                 12.023  2       
n146                                                         NET DELAY               0.000                 12.023  2       
counter_10_add_4_11/CI0->counter_10_add_4_11/CO0
                                          SLICE_R3C28B       CIN0_TO_COUT0_DELAY     0.277                 12.300  2       
n594                                                         NET DELAY               0.000                 12.300  2       
counter_10_add_4_11/CI1->counter_10_add_4_11/CO1
                                          SLICE_R3C28B       CIN1_TO_COUT1_DELAY     0.277                 12.577  2       
n148                                                         NET DELAY               0.000                 12.577  2       
counter_10_add_4_13/CI0->counter_10_add_4_13/CO0
                                          SLICE_R3C28C       CIN0_TO_COUT0_DELAY     0.277                 12.854  2       
n597                                                         NET DELAY               0.000                 12.854  2       
counter_10_add_4_13/CI1->counter_10_add_4_13/CO1
                                          SLICE_R3C28C       CIN1_TO_COUT1_DELAY     0.277                 13.131  2       
n150                                                         NET DELAY               0.000                 13.131  2       
counter_10_add_4_15/CI0->counter_10_add_4_15/CO0
                                          SLICE_R3C28D       CIN0_TO_COUT0_DELAY     0.277                 13.408  2       
n600                                                         NET DELAY               0.000                 13.408  2       
counter_10_add_4_15/CI1->counter_10_add_4_15/CO1
                                          SLICE_R3C28D       CIN1_TO_COUT1_DELAY     0.277                 13.685  2       
n152                                                         NET DELAY               0.555                 14.240  2       
counter_10_add_4_17/CI0->counter_10_add_4_17/CO0
                                          SLICE_R3C29A       CIN0_TO_COUT0_DELAY     0.277                 14.517  2       
n603                                                         NET DELAY               0.000                 14.517  2       
counter_10_add_4_17/CI1->counter_10_add_4_17/CO1
                                          SLICE_R3C29A       CIN1_TO_COUT1_DELAY     0.277                 14.794  2       
n154                                                         NET DELAY               0.000                 14.794  2       
counter_10_add_4_19/CI0->counter_10_add_4_19/CO0
                                          SLICE_R3C29B       CIN0_TO_COUT0_DELAY     0.277                 15.071  2       
n606                                                         NET DELAY               0.000                 15.071  2       
counter_10_add_4_19/CI1->counter_10_add_4_19/CO1
                                          SLICE_R3C29B       CIN1_TO_COUT1_DELAY     0.277                 15.348  2       
n156                                                         NET DELAY               0.000                 15.348  2       
counter_10_add_4_21/CI0->counter_10_add_4_21/CO0
                                          SLICE_R3C29C       CIN0_TO_COUT0_DELAY     0.277                 15.625  2       
n609                                                         NET DELAY               0.000                 15.625  2       
counter_10_add_4_21/CI1->counter_10_add_4_21/CO1
                                          SLICE_R3C29C       CIN1_TO_COUT1_DELAY     0.277                 15.902  2       
n158                                                         NET DELAY               0.000                 15.902  2       
counter_10_add_4_23/CI0->counter_10_add_4_23/CO0
                                          SLICE_R3C29D       CIN0_TO_COUT0_DELAY     0.277                 16.179  2       
n612                                                         NET DELAY               0.000                 16.179  2       
counter_10_add_4_23/CI1->counter_10_add_4_23/CO1
                                          SLICE_R3C29D       CIN1_TO_COUT1_DELAY     0.277                 16.456  2       
n160                                                         NET DELAY               0.555                 17.011  2       
counter_10_add_4_25/CI0->counter_10_add_4_25/CO0
                                          SLICE_R3C30A       CIN0_TO_COUT0_DELAY     0.277                 17.288  2       
n615                                                         NET DELAY               0.000                 17.288  2       
counter_10_add_4_25/CI1->counter_10_add_4_25/CO1
                                          SLICE_R3C30A       CIN1_TO_COUT1_DELAY     0.277                 17.565  2       
n162                                                         NET DELAY               0.000                 17.565  2       
counter_10_add_4_27/CI0->counter_10_add_4_27/CO0
                                          SLICE_R3C30B       CIN0_TO_COUT0_DELAY     0.277                 17.842  2       
n618                                                         NET DELAY               0.000                 17.842  2       
counter_10_add_4_27/CI1->counter_10_add_4_27/CO1
                                          SLICE_R3C30B       CIN1_TO_COUT1_DELAY     0.277                 18.119  2       
n164                                                         NET DELAY               0.000                 18.119  2       
counter_10_add_4_29/CI0->counter_10_add_4_29/CO0
                                          SLICE_R3C30C       CIN0_TO_COUT0_DELAY     0.277                 18.396  2       
n621                                                         NET DELAY               0.000                 18.396  2       
counter_10_add_4_29/CI1->counter_10_add_4_29/CO1
                                          SLICE_R3C30C       CIN1_TO_COUT1_DELAY     0.277                 18.673  2       
n166                                                         NET DELAY               0.661                 19.334  2       
counter_10_add_4_31/D0->counter_10_add_4_31/S0
                                          SLICE_R3C30D       D0_TO_F0_DELAY          0.476                 19.810  1       
led_c_31_N_1[29]                                             NET DELAY               0.000                 19.810  1       
counter_10__i30/D                                            ENDPOINT                0.000                 19.810  1       


Destination Clock Path
Name                                      Cell/Site Name     Delay Name           Incr      Arrival/Required Time  Fanout  
----------------------------------------  -----------------  -------------------  --------  ---------------------  ------  
                                                             CONSTRAINT              0.000                 20.833  1       
hf_osc.osc_inst/CLKHF                     HFOSC_HFOSC_R1C32  CLOCK LATENCY           0.000                 20.833  18      
int_osc                                                      NET DELAY               5.499                 26.332  18      
{counter_10__i30/CK   counter_10__i31/CK}
                                                             CLOCK PIN               0.000                 26.332  1       
                                                             Uncertainty          -(0.000)                 26.332  
                                                             Setup time           -(0.198)                 26.134  
----------------------------------------  -----------------  -------------------  --------  ---------------------  ------  
Required Time                                                                                              26.134  
Arrival Time                                                                                            -(19.809)  
----------------------------------------  -----------------  -------------------  --------  ---------------------  ------  
Path Slack  (Passed)                                                                                        6.324  




++++ Path 4 ++++++++++++++++++++++++++++++++++++++++++++++++++++++++++ 

Path Begin       : counter_10__i1/Q  (SLICE_R3C27A)
Path End         : counter_10__i29/D  (SLICE_R3C30C)
Source Clock     : int_osc (R)
Destination Clock: int_osc (R)
Logic Level      : 30
Delay Ratio      : 31.0% (route), 69.0% (logic)
Clock Skew       : 0.000 ns 
Setup Constraint : 20.833 ns 
Path Slack       : 6.601 ns  (Passed)


Source Clock Path
Name                                      Cell/Site Name     Delay Name           Incr      Arrival/Required Time  Fanout  
----------------------------------------  -----------------  -------------------  --------  ---------------------  ------  
hf_osc.osc_inst/CLKHF                     HFOSC_HFOSC_R1C32  CLOCK LATENCY           0.000                  0.000  18      
int_osc                                                      NET DELAY               5.499                  5.499  18      
counter_10__i1/CK                                            CLOCK PIN               0.000                  5.499  1       


Data Path
Name                                      Cell/Site Name     Delay Name           Incr      Arrival/Required Time  Fanout  
----------------------------------------  -----------------  -------------------  --------  ---------------------  ------  
counter_10__i1/CK->counter_10__i1/Q       SLICE_R3C27A       CLK_TO_Q1_DELAY         1.388                  6.887  1       
n32                                                          NET DELAY               2.022                  8.909  1       
counter_10_add_4_1/C1->counter_10_add_4_1/CO1
                                          SLICE_R3C27A       C1_TO_COUT1_DELAY       0.343                  9.252  2       
n138                                                         NET DELAY               0.000                  9.252  2       
counter_10_add_4_3/CI0->counter_10_add_4_3/CO0
                                          SLICE_R3C27B       CIN0_TO_COUT0_DELAY     0.277                  9.529  2       
n582                                                         NET DELAY               0.000                  9.529  2       
counter_10_add_4_3/CI1->counter_10_add_4_3/CO1
                                          SLICE_R3C27B       CIN1_TO_COUT1_DELAY     0.277                  9.806  2       
n140                                                         NET DELAY               0.000                  9.806  2       
counter_10_add_4_5/CI0->counter_10_add_4_5/CO0
                                          SLICE_R3C27C       CIN0_TO_COUT0_DELAY     0.277                 10.083  2       
n585                                                         NET DELAY               0.000                 10.083  2       
counter_10_add_4_5/CI1->counter_10_add_4_5/CO1
                                          SLICE_R3C27C       CIN1_TO_COUT1_DELAY     0.277                 10.360  2       
n142                                                         NET DELAY               0.000                 10.360  2       
counter_10_add_4_7/CI0->counter_10_add_4_7/CO0
                                          SLICE_R3C27D       CIN0_TO_COUT0_DELAY     0.277                 10.637  2       
n588                                                         NET DELAY               0.000                 10.637  2       
counter_10_add_4_7/CI1->counter_10_add_4_7/CO1
                                          SLICE_R3C27D       CIN1_TO_COUT1_DELAY     0.277                 10.914  2       
n144                                                         NET DELAY               0.555                 11.469  2       
counter_10_add_4_9/CI0->counter_10_add_4_9/CO0
                                          SLICE_R3C28A       CIN0_TO_COUT0_DELAY     0.277                 11.746  2       
n591                                                         NET DELAY               0.000                 11.746  2       
counter_10_add_4_9/CI1->counter_10_add_4_9/CO1
                                          SLICE_R3C28A       CIN1_TO_COUT1_DELAY     0.277                 12.023  2       
n146                                                         NET DELAY               0.000                 12.023  2       
counter_10_add_4_11/CI0->counter_10_add_4_11/CO0
                                          SLICE_R3C28B       CIN0_TO_COUT0_DELAY     0.277                 12.300  2       
n594                                                         NET DELAY               0.000                 12.300  2       
counter_10_add_4_11/CI1->counter_10_add_4_11/CO1
                                          SLICE_R3C28B       CIN1_TO_COUT1_DELAY     0.277                 12.577  2       
n148                                                         NET DELAY               0.000                 12.577  2       
counter_10_add_4_13/CI0->counter_10_add_4_13/CO0
                                          SLICE_R3C28C       CIN0_TO_COUT0_DELAY     0.277                 12.854  2       
n597                                                         NET DELAY               0.000                 12.854  2       
counter_10_add_4_13/CI1->counter_10_add_4_13/CO1
                                          SLICE_R3C28C       CIN1_TO_COUT1_DELAY     0.277                 13.131  2       
n150                                                         NET DELAY               0.000                 13.131  2       
counter_10_add_4_15/CI0->counter_10_add_4_15/CO0
                                          SLICE_R3C28D       CIN0_TO_COUT0_DELAY     0.277                 13.408  2       
n600                                                         NET DELAY               0.000                 13.408  2       
counter_10_add_4_15/CI1->counter_10_add_4_15/CO1
                                          SLICE_R3C28D       CIN1_TO_COUT1_DELAY     0.277                 13.685  2       
n152                                                         NET DELAY               0.555                 14.240  2       
counter_10_add_4_17/CI0->counter_10_add_4_17/CO0
                                          SLICE_R3C29A       CIN0_TO_COUT0_DELAY     0.277                 14.517  2       
n603                                                         NET DELAY               0.000                 14.517  2       
counter_10_add_4_17/CI1->counter_10_add_4_17/CO1
                                          SLICE_R3C29A       CIN1_TO_COUT1_DELAY     0.277                 14.794  2       
n154                                                         NET DELAY               0.000                 14.794  2       
counter_10_add_4_19/CI0->counter_10_add_4_19/CO0
                                          SLICE_R3C29B       CIN0_TO_COUT0_DELAY     0.277                 15.071  2       
n606                                                         NET DELAY               0.000                 15.071  2       
counter_10_add_4_19/CI1->counter_10_add_4_19/CO1
                                          SLICE_R3C29B       CIN1_TO_COUT1_DELAY     0.277                 15.348  2       
n156                                                         NET DELAY               0.000                 15.348  2       
counter_10_add_4_21/CI0->counter_10_add_4_21/CO0
                                          SLICE_R3C29C       CIN0_TO_COUT0_DELAY     0.277                 15.625  2       
n609                                                         NET DELAY               0.000                 15.625  2       
counter_10_add_4_21/CI1->counter_10_add_4_21/CO1
                                          SLICE_R3C29C       CIN1_TO_COUT1_DELAY     0.277                 15.902  2       
n158                                                         NET DELAY               0.000                 15.902  2       
counter_10_add_4_23/CI0->counter_10_add_4_23/CO0
                                          SLICE_R3C29D       CIN0_TO_COUT0_DELAY     0.277                 16.179  2       
n612                                                         NET DELAY               0.000                 16.179  2       
counter_10_add_4_23/CI1->counter_10_add_4_23/CO1
                                          SLICE_R3C29D       CIN1_TO_COUT1_DELAY     0.277                 16.456  2       
n160                                                         NET DELAY               0.555                 17.011  2       
counter_10_add_4_25/CI0->counter_10_add_4_25/CO0
                                          SLICE_R3C30A       CIN0_TO_COUT0_DELAY     0.277                 17.288  2       
n615                                                         NET DELAY               0.000                 17.288  2       
counter_10_add_4_25/CI1->counter_10_add_4_25/CO1
                                          SLICE_R3C30A       CIN1_TO_COUT1_DELAY     0.277                 17.565  2       
n162                                                         NET DELAY               0.000                 17.565  2       
counter_10_add_4_27/CI0->counter_10_add_4_27/CO0
                                          SLICE_R3C30B       CIN0_TO_COUT0_DELAY     0.277                 17.842  2       
n618                                                         NET DELAY               0.000                 17.842  2       
counter_10_add_4_27/CI1->counter_10_add_4_27/CO1
                                          SLICE_R3C30B       CIN1_TO_COUT1_DELAY     0.277                 18.119  2       
n164                                                         NET DELAY               0.000                 18.119  2       
counter_10_add_4_29/CI0->counter_10_add_4_29/CO0
                                          SLICE_R3C30C       CIN0_TO_COUT0_DELAY     0.277                 18.396  2       
n621                                                         NET DELAY               0.661                 19.057  2       
counter_10_add_4_29/D1->counter_10_add_4_29/S1
                                          SLICE_R3C30C       D1_TO_F1_DELAY          0.476                 19.533  1       
led_c_31_N_1[28]                                             NET DELAY               0.000                 19.533  1       
counter_10__i29/D                                            ENDPOINT                0.000                 19.533  1       


Destination Clock Path
Name                                      Cell/Site Name     Delay Name           Incr      Arrival/Required Time  Fanout  
----------------------------------------  -----------------  -------------------  --------  ---------------------  ------  
                                                             CONSTRAINT              0.000                 20.833  1       
hf_osc.osc_inst/CLKHF                     HFOSC_HFOSC_R1C32  CLOCK LATENCY           0.000                 20.833  18      
int_osc                                                      NET DELAY               5.499                 26.332  18      
{counter_10__i28/CK   counter_10__i29/CK}
                                                             CLOCK PIN               0.000                 26.332  1       
                                                             Uncertainty          -(0.000)                 26.332  
                                                             Setup time           -(0.198)                 26.134  
----------------------------------------  -----------------  -------------------  --------  ---------------------  ------  
Required Time                                                                                              26.134  
Arrival Time                                                                                            -(19.532)  
----------------------------------------  -----------------  -------------------  --------  ---------------------  ------  
Path Slack  (Passed)                                                                                        6.601  




++++ Path 5 ++++++++++++++++++++++++++++++++++++++++++++++++++++++++++ 

Path Begin       : counter_10__i1/Q  (SLICE_R3C27A)
Path End         : counter_10__i28/D  (SLICE_R3C30C)
Source Clock     : int_osc (R)
Destination Clock: int_osc (R)
Logic Level      : 29
Delay Ratio      : 31.6% (route), 68.4% (logic)
Clock Skew       : 0.000 ns 
Setup Constraint : 20.833 ns 
Path Slack       : 6.878 ns  (Passed)


Source Clock Path
Name                                      Cell/Site Name     Delay Name           Incr      Arrival/Required Time  Fanout  
----------------------------------------  -----------------  -------------------  --------  ---------------------  ------  
hf_osc.osc_inst/CLKHF                     HFOSC_HFOSC_R1C32  CLOCK LATENCY           0.000                  0.000  18      
int_osc                                                      NET DELAY               5.499                  5.499  18      
counter_10__i1/CK                                            CLOCK PIN               0.000                  5.499  1       


Data Path
Name                                      Cell/Site Name     Delay Name           Incr      Arrival/Required Time  Fanout  
----------------------------------------  -----------------  -------------------  --------  ---------------------  ------  
counter_10__i1/CK->counter_10__i1/Q       SLICE_R3C27A       CLK_TO_Q1_DELAY         1.388                  6.887  1       
n32                                                          NET DELAY               2.022                  8.909  1       
counter_10_add_4_1/C1->counter_10_add_4_1/CO1
                                          SLICE_R3C27A       C1_TO_COUT1_DELAY       0.343                  9.252  2       
n138                                                         NET DELAY               0.000                  9.252  2       
counter_10_add_4_3/CI0->counter_10_add_4_3/CO0
                                          SLICE_R3C27B       CIN0_TO_COUT0_DELAY     0.277                  9.529  2       
n582                                                         NET DELAY               0.000                  9.529  2       
counter_10_add_4_3/CI1->counter_10_add_4_3/CO1
                                          SLICE_R3C27B       CIN1_TO_COUT1_DELAY     0.277                  9.806  2       
n140                                                         NET DELAY               0.000                  9.806  2       
counter_10_add_4_5/CI0->counter_10_add_4_5/CO0
                                          SLICE_R3C27C       CIN0_TO_COUT0_DELAY     0.277                 10.083  2       
n585                                                         NET DELAY               0.000                 10.083  2       
counter_10_add_4_5/CI1->counter_10_add_4_5/CO1
                                          SLICE_R3C27C       CIN1_TO_COUT1_DELAY     0.277                 10.360  2       
n142                                                         NET DELAY               0.000                 10.360  2       
counter_10_add_4_7/CI0->counter_10_add_4_7/CO0
                                          SLICE_R3C27D       CIN0_TO_COUT0_DELAY     0.277                 10.637  2       
n588                                                         NET DELAY               0.000                 10.637  2       
counter_10_add_4_7/CI1->counter_10_add_4_7/CO1
                                          SLICE_R3C27D       CIN1_TO_COUT1_DELAY     0.277                 10.914  2       
n144                                                         NET DELAY               0.555                 11.469  2       
counter_10_add_4_9/CI0->counter_10_add_4_9/CO0
                                          SLICE_R3C28A       CIN0_TO_COUT0_DELAY     0.277                 11.746  2       
n591                                                         NET DELAY               0.000                 11.746  2       
counter_10_add_4_9/CI1->counter_10_add_4_9/CO1
                                          SLICE_R3C28A       CIN1_TO_COUT1_DELAY     0.277                 12.023  2       
n146                                                         NET DELAY               0.000                 12.023  2       
counter_10_add_4_11/CI0->counter_10_add_4_11/CO0
                                          SLICE_R3C28B       CIN0_TO_COUT0_DELAY     0.277                 12.300  2       
n594                                                         NET DELAY               0.000                 12.300  2       
counter_10_add_4_11/CI1->counter_10_add_4_11/CO1
                                          SLICE_R3C28B       CIN1_TO_COUT1_DELAY     0.277                 12.577  2       
n148                                                         NET DELAY               0.000                 12.577  2       
counter_10_add_4_13/CI0->counter_10_add_4_13/CO0
                                          SLICE_R3C28C       CIN0_TO_COUT0_DELAY     0.277                 12.854  2       
n597                                                         NET DELAY               0.000                 12.854  2       
counter_10_add_4_13/CI1->counter_10_add_4_13/CO1
                                          SLICE_R3C28C       CIN1_TO_COUT1_DELAY     0.277                 13.131  2       
n150                                                         NET DELAY               0.000                 13.131  2       
counter_10_add_4_15/CI0->counter_10_add_4_15/CO0
                                          SLICE_R3C28D       CIN0_TO_COUT0_DELAY     0.277                 13.408  2       
n600                                                         NET DELAY               0.000                 13.408  2       
counter_10_add_4_15/CI1->counter_10_add_4_15/CO1
                                          SLICE_R3C28D       CIN1_TO_COUT1_DELAY     0.277                 13.685  2       
n152                                                         NET DELAY               0.555                 14.240  2       
counter_10_add_4_17/CI0->counter_10_add_4_17/CO0
                                          SLICE_R3C29A       CIN0_TO_COUT0_DELAY     0.277                 14.517  2       
n603                                                         NET DELAY               0.000                 14.517  2       
counter_10_add_4_17/CI1->counter_10_add_4_17/CO1
                                          SLICE_R3C29A       CIN1_TO_COUT1_DELAY     0.277                 14.794  2       
n154                                                         NET DELAY               0.000                 14.794  2       
counter_10_add_4_19/CI0->counter_10_add_4_19/CO0
                                          SLICE_R3C29B       CIN0_TO_COUT0_DELAY     0.277                 15.071  2       
n606                                                         NET DELAY               0.000                 15.071  2       
counter_10_add_4_19/CI1->counter_10_add_4_19/CO1
                                          SLICE_R3C29B       CIN1_TO_COUT1_DELAY     0.277                 15.348  2       
n156                                                         NET DELAY               0.000                 15.348  2       
counter_10_add_4_21/CI0->counter_10_add_4_21/CO0
                                          SLICE_R3C29C       CIN0_TO_COUT0_DELAY     0.277                 15.625  2       
n609                                                         NET DELAY               0.000                 15.625  2       
counter_10_add_4_21/CI1->counter_10_add_4_21/CO1
                                          SLICE_R3C29C       CIN1_TO_COUT1_DELAY     0.277                 15.902  2       
n158                                                         NET DELAY               0.000                 15.902  2       
counter_10_add_4_23/CI0->counter_10_add_4_23/CO0
                                          SLICE_R3C29D       CIN0_TO_COUT0_DELAY     0.277                 16.179  2       
n612                                                         NET DELAY               0.000                 16.179  2       
counter_10_add_4_23/CI1->counter_10_add_4_23/CO1
                                          SLICE_R3C29D       CIN1_TO_COUT1_DELAY     0.277                 16.456  2       
n160                                                         NET DELAY               0.555                 17.011  2       
counter_10_add_4_25/CI0->counter_10_add_4_25/CO0
                                          SLICE_R3C30A       CIN0_TO_COUT0_DELAY     0.277                 17.288  2       
n615                                                         NET DELAY               0.000                 17.288  2       
counter_10_add_4_25/CI1->counter_10_add_4_25/CO1
                                          SLICE_R3C30A       CIN1_TO_COUT1_DELAY     0.277                 17.565  2       
n162                                                         NET DELAY               0.000                 17.565  2       
counter_10_add_4_27/CI0->counter_10_add_4_27/CO0
                                          SLICE_R3C30B       CIN0_TO_COUT0_DELAY     0.277                 17.842  2       
n618                                                         NET DELAY               0.000                 17.842  2       
counter_10_add_4_27/CI1->counter_10_add_4_27/CO1
                                          SLICE_R3C30B       CIN1_TO_COUT1_DELAY     0.277                 18.119  2       
n164                                                         NET DELAY               0.661                 18.780  2       
counter_10_add_4_29/D0->counter_10_add_4_29/S0
                                          SLICE_R3C30C       D0_TO_F0_DELAY          0.476                 19.256  1       
led_c_31_N_1[27]                                             NET DELAY               0.000                 19.256  1       
counter_10__i28/D                                            ENDPOINT                0.000                 19.256  1       


Destination Clock Path
Name                                      Cell/Site Name     Delay Name           Incr      Arrival/Required Time  Fanout  
----------------------------------------  -----------------  -------------------  --------  ---------------------  ------  
                                                             CONSTRAINT              0.000                 20.833  1       
hf_osc.osc_inst/CLKHF                     HFOSC_HFOSC_R1C32  CLOCK LATENCY           0.000                 20.833  18      
int_osc                                                      NET DELAY               5.499                 26.332  18      
{counter_10__i28/CK   counter_10__i29/CK}
                                                             CLOCK PIN               0.000                 26.332  1       
                                                             Uncertainty          -(0.000)                 26.332  
                                                             Setup time           -(0.198)                 26.134  
----------------------------------------  -----------------  -------------------  --------  ---------------------  ------  
Required Time                                                                                              26.134  
Arrival Time                                                                                            -(19.255)  
----------------------------------------  -----------------  -------------------  --------  ---------------------  ------  
Path Slack  (Passed)                                                                                        6.878  




++++ Path 6 ++++++++++++++++++++++++++++++++++++++++++++++++++++++++++ 

Path Begin       : counter_10__i1/Q  (SLICE_R3C27A)
Path End         : counter_10__i27/D  (SLICE_R3C30B)
Source Clock     : int_osc (R)
Destination Clock: int_osc (R)
Logic Level      : 28
Delay Ratio      : 32.3% (route), 67.7% (logic)
Clock Skew       : 0.000 ns 
Setup Constraint : 20.833 ns 
Path Slack       : 7.155 ns  (Passed)


Source Clock Path
Name                                      Cell/Site Name     Delay Name           Incr      Arrival/Required Time  Fanout  
----------------------------------------  -----------------  -------------------  --------  ---------------------  ------  
hf_osc.osc_inst/CLKHF                     HFOSC_HFOSC_R1C32  CLOCK LATENCY           0.000                  0.000  18      
int_osc                                                      NET DELAY               5.499                  5.499  18      
counter_10__i1/CK                                            CLOCK PIN               0.000                  5.499  1       


Data Path
Name                                      Cell/Site Name     Delay Name           Incr      Arrival/Required Time  Fanout  
----------------------------------------  -----------------  -------------------  --------  ---------------------  ------  
counter_10__i1/CK->counter_10__i1/Q       SLICE_R3C27A       CLK_TO_Q1_DELAY         1.388                  6.887  1       
n32                                                          NET DELAY               2.022                  8.909  1       
counter_10_add_4_1/C1->counter_10_add_4_1/CO1
                                          SLICE_R3C27A       C1_TO_COUT1_DELAY       0.343                  9.252  2       
n138                                                         NET DELAY               0.000                  9.252  2       
counter_10_add_4_3/CI0->counter_10_add_4_3/CO0
                                          SLICE_R3C27B       CIN0_TO_COUT0_DELAY     0.277                  9.529  2       
n582                                                         NET DELAY               0.000                  9.529  2       
counter_10_add_4_3/CI1->counter_10_add_4_3/CO1
                                          SLICE_R3C27B       CIN1_TO_COUT1_DELAY     0.277                  9.806  2       
n140                                                         NET DELAY               0.000                  9.806  2       
counter_10_add_4_5/CI0->counter_10_add_4_5/CO0
                                          SLICE_R3C27C       CIN0_TO_COUT0_DELAY     0.277                 10.083  2       
n585                                                         NET DELAY               0.000                 10.083  2       
counter_10_add_4_5/CI1->counter_10_add_4_5/CO1
                                          SLICE_R3C27C       CIN1_TO_COUT1_DELAY     0.277                 10.360  2       
n142                                                         NET DELAY               0.000                 10.360  2       
counter_10_add_4_7/CI0->counter_10_add_4_7/CO0
                                          SLICE_R3C27D       CIN0_TO_COUT0_DELAY     0.277                 10.637  2       
n588                                                         NET DELAY               0.000                 10.637  2       
counter_10_add_4_7/CI1->counter_10_add_4_7/CO1
                                          SLICE_R3C27D       CIN1_TO_COUT1_DELAY     0.277                 10.914  2       
n144                                                         NET DELAY               0.555                 11.469  2       
counter_10_add_4_9/CI0->counter_10_add_4_9/CO0
                                          SLICE_R3C28A       CIN0_TO_COUT0_DELAY     0.277                 11.746  2       
n591                                                         NET DELAY               0.000                 11.746  2       
counter_10_add_4_9/CI1->counter_10_add_4_9/CO1
                                          SLICE_R3C28A       CIN1_TO_COUT1_DELAY     0.277                 12.023  2       
n146                                                         NET DELAY               0.000                 12.023  2       
counter_10_add_4_11/CI0->counter_10_add_4_11/CO0
                                          SLICE_R3C28B       CIN0_TO_COUT0_DELAY     0.277                 12.300  2       
n594                                                         NET DELAY               0.000                 12.300  2       
counter_10_add_4_11/CI1->counter_10_add_4_11/CO1
                                          SLICE_R3C28B       CIN1_TO_COUT1_DELAY     0.277                 12.577  2       
n148                                                         NET DELAY               0.000                 12.577  2       
counter_10_add_4_13/CI0->counter_10_add_4_13/CO0
                                          SLICE_R3C28C       CIN0_TO_COUT0_DELAY     0.277                 12.854  2       
n597                                                         NET DELAY               0.000                 12.854  2       
counter_10_add_4_13/CI1->counter_10_add_4_13/CO1
                                          SLICE_R3C28C       CIN1_TO_COUT1_DELAY     0.277                 13.131  2       
n150                                                         NET DELAY               0.000                 13.131  2       
counter_10_add_4_15/CI0->counter_10_add_4_15/CO0
                                          SLICE_R3C28D       CIN0_TO_COUT0_DELAY     0.277                 13.408  2       
n600                                                         NET DELAY               0.000                 13.408  2       
counter_10_add_4_15/CI1->counter_10_add_4_15/CO1
                                          SLICE_R3C28D       CIN1_TO_COUT1_DELAY     0.277                 13.685  2       
n152                                                         NET DELAY               0.555                 14.240  2       
counter_10_add_4_17/CI0->counter_10_add_4_17/CO0
                                          SLICE_R3C29A       CIN0_TO_COUT0_DELAY     0.277                 14.517  2       
n603                                                         NET DELAY               0.000                 14.517  2       
counter_10_add_4_17/CI1->counter_10_add_4_17/CO1
                                          SLICE_R3C29A       CIN1_TO_COUT1_DELAY     0.277                 14.794  2       
n154                                                         NET DELAY               0.000                 14.794  2       
counter_10_add_4_19/CI0->counter_10_add_4_19/CO0
                                          SLICE_R3C29B       CIN0_TO_COUT0_DELAY     0.277                 15.071  2       
n606                                                         NET DELAY               0.000                 15.071  2       
counter_10_add_4_19/CI1->counter_10_add_4_19/CO1
                                          SLICE_R3C29B       CIN1_TO_COUT1_DELAY     0.277                 15.348  2       
n156                                                         NET DELAY               0.000                 15.348  2       
counter_10_add_4_21/CI0->counter_10_add_4_21/CO0
                                          SLICE_R3C29C       CIN0_TO_COUT0_DELAY     0.277                 15.625  2       
n609                                                         NET DELAY               0.000                 15.625  2       
counter_10_add_4_21/CI1->counter_10_add_4_21/CO1
                                          SLICE_R3C29C       CIN1_TO_COUT1_DELAY     0.277                 15.902  2       
n158                                                         NET DELAY               0.000                 15.902  2       
counter_10_add_4_23/CI0->counter_10_add_4_23/CO0
                                          SLICE_R3C29D       CIN0_TO_COUT0_DELAY     0.277                 16.179  2       
n612                                                         NET DELAY               0.000                 16.179  2       
counter_10_add_4_23/CI1->counter_10_add_4_23/CO1
                                          SLICE_R3C29D       CIN1_TO_COUT1_DELAY     0.277                 16.456  2       
n160                                                         NET DELAY               0.555                 17.011  2       
counter_10_add_4_25/CI0->counter_10_add_4_25/CO0
                                          SLICE_R3C30A       CIN0_TO_COUT0_DELAY     0.277                 17.288  2       
n615                                                         NET DELAY               0.000                 17.288  2       
counter_10_add_4_25/CI1->counter_10_add_4_25/CO1
                                          SLICE_R3C30A       CIN1_TO_COUT1_DELAY     0.277                 17.565  2       
n162                                                         NET DELAY               0.000                 17.565  2       
counter_10_add_4_27/CI0->counter_10_add_4_27/CO0
                                          SLICE_R3C30B       CIN0_TO_COUT0_DELAY     0.277                 17.842  2       
n618                                                         NET DELAY               0.661                 18.503  2       
counter_10_add_4_27/D1->counter_10_add_4_27/S1
                                          SLICE_R3C30B       D1_TO_F1_DELAY          0.476                 18.979  1       
led_c_31_N_1[26]                                             NET DELAY               0.000                 18.979  1       
counter_10__i27/D                                            ENDPOINT                0.000                 18.979  1       


Destination Clock Path
Name                                      Cell/Site Name     Delay Name           Incr      Arrival/Required Time  Fanout  
----------------------------------------  -----------------  -------------------  --------  ---------------------  ------  
                                                             CONSTRAINT              0.000                 20.833  1       
hf_osc.osc_inst/CLKHF                     HFOSC_HFOSC_R1C32  CLOCK LATENCY           0.000                 20.833  18      
int_osc                                                      NET DELAY               5.499                 26.332  18      
{counter_10__i26/CK   counter_10__i27/CK}
                                                             CLOCK PIN               0.000                 26.332  1       
                                                             Uncertainty          -(0.000)                 26.332  
                                                             Setup time           -(0.198)                 26.134  
----------------------------------------  -----------------  -------------------  --------  ---------------------  ------  
Required Time                                                                                              26.134  
Arrival Time                                                                                            -(18.978)  
----------------------------------------  -----------------  -------------------  --------  ---------------------  ------  
Path Slack  (Passed)                                                                                        7.155  




++++ Path 7 ++++++++++++++++++++++++++++++++++++++++++++++++++++++++++ 

Path Begin       : counter_10__i1/Q  (SLICE_R3C27A)
Path End         : counter_10__i26/D  (SLICE_R3C30B)
Source Clock     : int_osc (R)
Destination Clock: int_osc (R)
Logic Level      : 27
Delay Ratio      : 32.9% (route), 67.1% (logic)
Clock Skew       : 0.000 ns 
Setup Constraint : 20.833 ns 
Path Slack       : 7.432 ns  (Passed)


Source Clock Path
Name                                      Cell/Site Name     Delay Name           Incr      Arrival/Required Time  Fanout  
----------------------------------------  -----------------  -------------------  --------  ---------------------  ------  
hf_osc.osc_inst/CLKHF                     HFOSC_HFOSC_R1C32  CLOCK LATENCY           0.000                  0.000  18      
int_osc                                                      NET DELAY               5.499                  5.499  18      
counter_10__i1/CK                                            CLOCK PIN               0.000                  5.499  1       


Data Path
Name                                      Cell/Site Name     Delay Name           Incr      Arrival/Required Time  Fanout  
----------------------------------------  -----------------  -------------------  --------  ---------------------  ------  
counter_10__i1/CK->counter_10__i1/Q       SLICE_R3C27A       CLK_TO_Q1_DELAY         1.388                  6.887  1       
n32                                                          NET DELAY               2.022                  8.909  1       
counter_10_add_4_1/C1->counter_10_add_4_1/CO1
                                          SLICE_R3C27A       C1_TO_COUT1_DELAY       0.343                  9.252  2       
n138                                                         NET DELAY               0.000                  9.252  2       
counter_10_add_4_3/CI0->counter_10_add_4_3/CO0
                                          SLICE_R3C27B       CIN0_TO_COUT0_DELAY     0.277                  9.529  2       
n582                                                         NET DELAY               0.000                  9.529  2       
counter_10_add_4_3/CI1->counter_10_add_4_3/CO1
                                          SLICE_R3C27B       CIN1_TO_COUT1_DELAY     0.277                  9.806  2       
n140                                                         NET DELAY               0.000                  9.806  2       
counter_10_add_4_5/CI0->counter_10_add_4_5/CO0
                                          SLICE_R3C27C       CIN0_TO_COUT0_DELAY     0.277                 10.083  2       
n585                                                         NET DELAY               0.000                 10.083  2       
counter_10_add_4_5/CI1->counter_10_add_4_5/CO1
                                          SLICE_R3C27C       CIN1_TO_COUT1_DELAY     0.277                 10.360  2       
n142                                                         NET DELAY               0.000                 10.360  2       
counter_10_add_4_7/CI0->counter_10_add_4_7/CO0
                                          SLICE_R3C27D       CIN0_TO_COUT0_DELAY     0.277                 10.637  2       
n588                                                         NET DELAY               0.000                 10.637  2       
counter_10_add_4_7/CI1->counter_10_add_4_7/CO1
                                          SLICE_R3C27D       CIN1_TO_COUT1_DELAY     0.277                 10.914  2       
n144                                                         NET DELAY               0.555                 11.469  2       
counter_10_add_4_9/CI0->counter_10_add_4_9/CO0
                                          SLICE_R3C28A       CIN0_TO_COUT0_DELAY     0.277                 11.746  2       
n591                                                         NET DELAY               0.000                 11.746  2       
counter_10_add_4_9/CI1->counter_10_add_4_9/CO1
                                          SLICE_R3C28A       CIN1_TO_COUT1_DELAY     0.277                 12.023  2       
n146                                                         NET DELAY               0.000                 12.023  2       
counter_10_add_4_11/CI0->counter_10_add_4_11/CO0
                                          SLICE_R3C28B       CIN0_TO_COUT0_DELAY     0.277                 12.300  2       
n594                                                         NET DELAY               0.000                 12.300  2       
counter_10_add_4_11/CI1->counter_10_add_4_11/CO1
                                          SLICE_R3C28B       CIN1_TO_COUT1_DELAY     0.277                 12.577  2       
n148                                                         NET DELAY               0.000                 12.577  2       
counter_10_add_4_13/CI0->counter_10_add_4_13/CO0
                                          SLICE_R3C28C       CIN0_TO_COUT0_DELAY     0.277                 12.854  2       
n597                                                         NET DELAY               0.000                 12.854  2       
counter_10_add_4_13/CI1->counter_10_add_4_13/CO1
                                          SLICE_R3C28C       CIN1_TO_COUT1_DELAY     0.277                 13.131  2       
n150                                                         NET DELAY               0.000                 13.131  2       
counter_10_add_4_15/CI0->counter_10_add_4_15/CO0
                                          SLICE_R3C28D       CIN0_TO_COUT0_DELAY     0.277                 13.408  2       
n600                                                         NET DELAY               0.000                 13.408  2       
counter_10_add_4_15/CI1->counter_10_add_4_15/CO1
                                          SLICE_R3C28D       CIN1_TO_COUT1_DELAY     0.277                 13.685  2       
n152                                                         NET DELAY               0.555                 14.240  2       
counter_10_add_4_17/CI0->counter_10_add_4_17/CO0
                                          SLICE_R3C29A       CIN0_TO_COUT0_DELAY     0.277                 14.517  2       
n603                                                         NET DELAY               0.000                 14.517  2       
counter_10_add_4_17/CI1->counter_10_add_4_17/CO1
                                          SLICE_R3C29A       CIN1_TO_COUT1_DELAY     0.277                 14.794  2       
n154                                                         NET DELAY               0.000                 14.794  2       
counter_10_add_4_19/CI0->counter_10_add_4_19/CO0
                                          SLICE_R3C29B       CIN0_TO_COUT0_DELAY     0.277                 15.071  2       
n606                                                         NET DELAY               0.000                 15.071  2       
counter_10_add_4_19/CI1->counter_10_add_4_19/CO1
                                          SLICE_R3C29B       CIN1_TO_COUT1_DELAY     0.277                 15.348  2       
n156                                                         NET DELAY               0.000                 15.348  2       
counter_10_add_4_21/CI0->counter_10_add_4_21/CO0
                                          SLICE_R3C29C       CIN0_TO_COUT0_DELAY     0.277                 15.625  2       
n609                                                         NET DELAY               0.000                 15.625  2       
counter_10_add_4_21/CI1->counter_10_add_4_21/CO1
                                          SLICE_R3C29C       CIN1_TO_COUT1_DELAY     0.277                 15.902  2       
n158                                                         NET DELAY               0.000                 15.902  2       
counter_10_add_4_23/CI0->counter_10_add_4_23/CO0
                                          SLICE_R3C29D       CIN0_TO_COUT0_DELAY     0.277                 16.179  2       
n612                                                         NET DELAY               0.000                 16.179  2       
counter_10_add_4_23/CI1->counter_10_add_4_23/CO1
                                          SLICE_R3C29D       CIN1_TO_COUT1_DELAY     0.277                 16.456  2       
n160                                                         NET DELAY               0.555                 17.011  2       
counter_10_add_4_25/CI0->counter_10_add_4_25/CO0
                                          SLICE_R3C30A       CIN0_TO_COUT0_DELAY     0.277                 17.288  2       
n615                                                         NET DELAY               0.000                 17.288  2       
counter_10_add_4_25/CI1->counter_10_add_4_25/CO1
                                          SLICE_R3C30A       CIN1_TO_COUT1_DELAY     0.277                 17.565  2       
n162                                                         NET DELAY               0.661                 18.226  2       
counter_10_add_4_27/D0->counter_10_add_4_27/S0
                                          SLICE_R3C30B       D0_TO_F0_DELAY          0.476                 18.702  1       
led_c_31_N_1[25]                                             NET DELAY               0.000                 18.702  1       
counter_10__i26/D                                            ENDPOINT                0.000                 18.702  1       


Destination Clock Path
Name                                      Cell/Site Name     Delay Name           Incr      Arrival/Required Time  Fanout  
----------------------------------------  -----------------  -------------------  --------  ---------------------  ------  
                                                             CONSTRAINT              0.000                 20.833  1       
hf_osc.osc_inst/CLKHF                     HFOSC_HFOSC_R1C32  CLOCK LATENCY           0.000                 20.833  18      
int_osc                                                      NET DELAY               5.499                 26.332  18      
{counter_10__i26/CK   counter_10__i27/CK}
                                                             CLOCK PIN               0.000                 26.332  1       
                                                             Uncertainty          -(0.000)                 26.332  
                                                             Setup time           -(0.198)                 26.134  
----------------------------------------  -----------------  -------------------  --------  ---------------------  ------  
Required Time                                                                                              26.134  
Arrival Time                                                                                            -(18.701)  
----------------------------------------  -----------------  -------------------  --------  ---------------------  ------  
Path Slack  (Passed)                                                                                        7.432  




++++ Path 8 ++++++++++++++++++++++++++++++++++++++++++++++++++++++++++ 

Path Begin       : counter_10__i1/Q  (SLICE_R3C27A)
Path End         : counter_10__i25/D  (SLICE_R3C30A)
Source Clock     : int_osc (R)
Destination Clock: int_osc (R)
Logic Level      : 26
Delay Ratio      : 33.6% (route), 66.4% (logic)
Clock Skew       : 0.000 ns 
Setup Constraint : 20.833 ns 
Path Slack       : 7.709 ns  (Passed)


Source Clock Path
Name                                      Cell/Site Name     Delay Name           Incr      Arrival/Required Time  Fanout  
----------------------------------------  -----------------  -------------------  --------  ---------------------  ------  
hf_osc.osc_inst/CLKHF                     HFOSC_HFOSC_R1C32  CLOCK LATENCY           0.000                  0.000  18      
int_osc                                                      NET DELAY               5.499                  5.499  18      
counter_10__i1/CK                                            CLOCK PIN               0.000                  5.499  1       


Data Path
Name                                      Cell/Site Name     Delay Name           Incr      Arrival/Required Time  Fanout  
----------------------------------------  -----------------  -------------------  --------  ---------------------  ------  
counter_10__i1/CK->counter_10__i1/Q       SLICE_R3C27A       CLK_TO_Q1_DELAY         1.388                  6.887  1       
n32                                                          NET DELAY               2.022                  8.909  1       
counter_10_add_4_1/C1->counter_10_add_4_1/CO1
                                          SLICE_R3C27A       C1_TO_COUT1_DELAY       0.343                  9.252  2       
n138                                                         NET DELAY               0.000                  9.252  2       
counter_10_add_4_3/CI0->counter_10_add_4_3/CO0
                                          SLICE_R3C27B       CIN0_TO_COUT0_DELAY     0.277                  9.529  2       
n582                                                         NET DELAY               0.000                  9.529  2       
counter_10_add_4_3/CI1->counter_10_add_4_3/CO1
                                          SLICE_R3C27B       CIN1_TO_COUT1_DELAY     0.277                  9.806  2       
n140                                                         NET DELAY               0.000                  9.806  2       
counter_10_add_4_5/CI0->counter_10_add_4_5/CO0
                                          SLICE_R3C27C       CIN0_TO_COUT0_DELAY     0.277                 10.083  2       
n585                                                         NET DELAY               0.000                 10.083  2       
counter_10_add_4_5/CI1->counter_10_add_4_5/CO1
                                          SLICE_R3C27C       CIN1_TO_COUT1_DELAY     0.277                 10.360  2       
n142                                                         NET DELAY               0.000                 10.360  2       
counter_10_add_4_7/CI0->counter_10_add_4_7/CO0
                                          SLICE_R3C27D       CIN0_TO_COUT0_DELAY     0.277                 10.637  2       
n588                                                         NET DELAY               0.000                 10.637  2       
counter_10_add_4_7/CI1->counter_10_add_4_7/CO1
                                          SLICE_R3C27D       CIN1_TO_COUT1_DELAY     0.277                 10.914  2       
n144                                                         NET DELAY               0.555                 11.469  2       
counter_10_add_4_9/CI0->counter_10_add_4_9/CO0
                                          SLICE_R3C28A       CIN0_TO_COUT0_DELAY     0.277                 11.746  2       
n591                                                         NET DELAY               0.000                 11.746  2       
counter_10_add_4_9/CI1->counter_10_add_4_9/CO1
                                          SLICE_R3C28A       CIN1_TO_COUT1_DELAY     0.277                 12.023  2       
n146                                                         NET DELAY               0.000                 12.023  2       
counter_10_add_4_11/CI0->counter_10_add_4_11/CO0
                                          SLICE_R3C28B       CIN0_TO_COUT0_DELAY     0.277                 12.300  2       
n594                                                         NET DELAY               0.000                 12.300  2       
counter_10_add_4_11/CI1->counter_10_add_4_11/CO1
                                          SLICE_R3C28B       CIN1_TO_COUT1_DELAY     0.277                 12.577  2       
n148                                                         NET DELAY               0.000                 12.577  2       
counter_10_add_4_13/CI0->counter_10_add_4_13/CO0
                                          SLICE_R3C28C       CIN0_TO_COUT0_DELAY     0.277                 12.854  2       
n597                                                         NET DELAY               0.000                 12.854  2       
counter_10_add_4_13/CI1->counter_10_add_4_13/CO1
                                          SLICE_R3C28C       CIN1_TO_COUT1_DELAY     0.277                 13.131  2       
n150                                                         NET DELAY               0.000                 13.131  2       
counter_10_add_4_15/CI0->counter_10_add_4_15/CO0
                                          SLICE_R3C28D       CIN0_TO_COUT0_DELAY     0.277                 13.408  2       
n600                                                         NET DELAY               0.000                 13.408  2       
counter_10_add_4_15/CI1->counter_10_add_4_15/CO1
                                          SLICE_R3C28D       CIN1_TO_COUT1_DELAY     0.277                 13.685  2       
n152                                                         NET DELAY               0.555                 14.240  2       
counter_10_add_4_17/CI0->counter_10_add_4_17/CO0
                                          SLICE_R3C29A       CIN0_TO_COUT0_DELAY     0.277                 14.517  2       
n603                                                         NET DELAY               0.000                 14.517  2       
counter_10_add_4_17/CI1->counter_10_add_4_17/CO1
                                          SLICE_R3C29A       CIN1_TO_COUT1_DELAY     0.277                 14.794  2       
n154                                                         NET DELAY               0.000                 14.794  2       
counter_10_add_4_19/CI0->counter_10_add_4_19/CO0
                                          SLICE_R3C29B       CIN0_TO_COUT0_DELAY     0.277                 15.071  2       
n606                                                         NET DELAY               0.000                 15.071  2       
counter_10_add_4_19/CI1->counter_10_add_4_19/CO1
                                          SLICE_R3C29B       CIN1_TO_COUT1_DELAY     0.277                 15.348  2       
n156                                                         NET DELAY               0.000                 15.348  2       
counter_10_add_4_21/CI0->counter_10_add_4_21/CO0
                                          SLICE_R3C29C       CIN0_TO_COUT0_DELAY     0.277                 15.625  2       
n609                                                         NET DELAY               0.000                 15.625  2       
counter_10_add_4_21/CI1->counter_10_add_4_21/CO1
                                          SLICE_R3C29C       CIN1_TO_COUT1_DELAY     0.277                 15.902  2       
n158                                                         NET DELAY               0.000                 15.902  2       
counter_10_add_4_23/CI0->counter_10_add_4_23/CO0
                                          SLICE_R3C29D       CIN0_TO_COUT0_DELAY     0.277                 16.179  2       
n612                                                         NET DELAY               0.000                 16.179  2       
counter_10_add_4_23/CI1->counter_10_add_4_23/CO1
                                          SLICE_R3C29D       CIN1_TO_COUT1_DELAY     0.277                 16.456  2       
n160                                                         NET DELAY               0.555                 17.011  2       
counter_10_add_4_25/CI0->counter_10_add_4_25/CO0
                                          SLICE_R3C30A       CIN0_TO_COUT0_DELAY     0.277                 17.288  2       
n615                                                         NET DELAY               0.661                 17.949  2       
counter_10_add_4_25/D1->counter_10_add_4_25/S1
                                          SLICE_R3C30A       D1_TO_F1_DELAY          0.476                 18.425  1       
led_c_31_N_1[24]                                             NET DELAY               0.000                 18.425  1       
counter_10__i25/D                                            ENDPOINT                0.000                 18.425  1       


Destination Clock Path
Name                                      Cell/Site Name     Delay Name           Incr      Arrival/Required Time  Fanout  
----------------------------------------  -----------------  -------------------  --------  ---------------------  ------  
                                                             CONSTRAINT              0.000                 20.833  1       
hf_osc.osc_inst/CLKHF                     HFOSC_HFOSC_R1C32  CLOCK LATENCY           0.000                 20.833  18      
int_osc                                                      NET DELAY               5.499                 26.332  18      
{counter_10__i24/CK   counter_10__i25/CK}
                                                             CLOCK PIN               0.000                 26.332  1       
                                                             Uncertainty          -(0.000)                 26.332  
                                                             Setup time           -(0.198)                 26.134  
----------------------------------------  -----------------  -------------------  --------  ---------------------  ------  
Required Time                                                                                              26.134  
Arrival Time                                                                                            -(18.424)  
----------------------------------------  -----------------  -------------------  --------  ---------------------  ------  
Path Slack  (Passed)                                                                                        7.709  




++++ Path 9 ++++++++++++++++++++++++++++++++++++++++++++++++++++++++++ 

Path Begin       : counter_10__i1/Q  (SLICE_R3C27A)
Path End         : counter_10__i24/D  (SLICE_R3C30A)
Source Clock     : int_osc (R)
Destination Clock: int_osc (R)
Logic Level      : 25
Delay Ratio      : 34.4% (route), 65.6% (logic)
Clock Skew       : 0.000 ns 
Setup Constraint : 20.833 ns 
Path Slack       : 7.986 ns  (Passed)


Source Clock Path
Name                                      Cell/Site Name     Delay Name           Incr      Arrival/Required Time  Fanout  
----------------------------------------  -----------------  -------------------  --------  ---------------------  ------  
hf_osc.osc_inst/CLKHF                     HFOSC_HFOSC_R1C32  CLOCK LATENCY           0.000                  0.000  18      
int_osc                                                      NET DELAY               5.499                  5.499  18      
counter_10__i1/CK                                            CLOCK PIN               0.000                  5.499  1       


Data Path
Name                                      Cell/Site Name     Delay Name           Incr      Arrival/Required Time  Fanout  
----------------------------------------  -----------------  -------------------  --------  ---------------------  ------  
counter_10__i1/CK->counter_10__i1/Q       SLICE_R3C27A       CLK_TO_Q1_DELAY         1.388                  6.887  1       
n32                                                          NET DELAY               2.022                  8.909  1       
counter_10_add_4_1/C1->counter_10_add_4_1/CO1
                                          SLICE_R3C27A       C1_TO_COUT1_DELAY       0.343                  9.252  2       
n138                                                         NET DELAY               0.000                  9.252  2       
counter_10_add_4_3/CI0->counter_10_add_4_3/CO0
                                          SLICE_R3C27B       CIN0_TO_COUT0_DELAY     0.277                  9.529  2       
n582                                                         NET DELAY               0.000                  9.529  2       
counter_10_add_4_3/CI1->counter_10_add_4_3/CO1
                                          SLICE_R3C27B       CIN1_TO_COUT1_DELAY     0.277                  9.806  2       
n140                                                         NET DELAY               0.000                  9.806  2       
counter_10_add_4_5/CI0->counter_10_add_4_5/CO0
                                          SLICE_R3C27C       CIN0_TO_COUT0_DELAY     0.277                 10.083  2       
n585                                                         NET DELAY               0.000                 10.083  2       
counter_10_add_4_5/CI1->counter_10_add_4_5/CO1
                                          SLICE_R3C27C       CIN1_TO_COUT1_DELAY     0.277                 10.360  2       
n142                                                         NET DELAY               0.000                 10.360  2       
counter_10_add_4_7/CI0->counter_10_add_4_7/CO0
                                          SLICE_R3C27D       CIN0_TO_COUT0_DELAY     0.277                 10.637  2       
n588                                                         NET DELAY               0.000                 10.637  2       
counter_10_add_4_7/CI1->counter_10_add_4_7/CO1
                                          SLICE_R3C27D       CIN1_TO_COUT1_DELAY     0.277                 10.914  2       
n144                                                         NET DELAY               0.555                 11.469  2       
counter_10_add_4_9/CI0->counter_10_add_4_9/CO0
                                          SLICE_R3C28A       CIN0_TO_COUT0_DELAY     0.277                 11.746  2       
n591                                                         NET DELAY               0.000                 11.746  2       
counter_10_add_4_9/CI1->counter_10_add_4_9/CO1
                                          SLICE_R3C28A       CIN1_TO_COUT1_DELAY     0.277                 12.023  2       
n146                                                         NET DELAY               0.000                 12.023  2       
counter_10_add_4_11/CI0->counter_10_add_4_11/CO0
                                          SLICE_R3C28B       CIN0_TO_COUT0_DELAY     0.277                 12.300  2       
n594                                                         NET DELAY               0.000                 12.300  2       
counter_10_add_4_11/CI1->counter_10_add_4_11/CO1
                                          SLICE_R3C28B       CIN1_TO_COUT1_DELAY     0.277                 12.577  2       
n148                                                         NET DELAY               0.000                 12.577  2       
counter_10_add_4_13/CI0->counter_10_add_4_13/CO0
                                          SLICE_R3C28C       CIN0_TO_COUT0_DELAY     0.277                 12.854  2       
n597                                                         NET DELAY               0.000                 12.854  2       
counter_10_add_4_13/CI1->counter_10_add_4_13/CO1
                                          SLICE_R3C28C       CIN1_TO_COUT1_DELAY     0.277                 13.131  2       
n150                                                         NET DELAY               0.000                 13.131  2       
counter_10_add_4_15/CI0->counter_10_add_4_15/CO0
                                          SLICE_R3C28D       CIN0_TO_COUT0_DELAY     0.277                 13.408  2       
n600                                                         NET DELAY               0.000                 13.408  2       
counter_10_add_4_15/CI1->counter_10_add_4_15/CO1
                                          SLICE_R3C28D       CIN1_TO_COUT1_DELAY     0.277                 13.685  2       
n152                                                         NET DELAY               0.555                 14.240  2       
counter_10_add_4_17/CI0->counter_10_add_4_17/CO0
                                          SLICE_R3C29A       CIN0_TO_COUT0_DELAY     0.277                 14.517  2       
n603                                                         NET DELAY               0.000                 14.517  2       
counter_10_add_4_17/CI1->counter_10_add_4_17/CO1
                                          SLICE_R3C29A       CIN1_TO_COUT1_DELAY     0.277                 14.794  2       
n154                                                         NET DELAY               0.000                 14.794  2       
counter_10_add_4_19/CI0->counter_10_add_4_19/CO0
                                          SLICE_R3C29B       CIN0_TO_COUT0_DELAY     0.277                 15.071  2       
n606                                                         NET DELAY               0.000                 15.071  2       
counter_10_add_4_19/CI1->counter_10_add_4_19/CO1
                                          SLICE_R3C29B       CIN1_TO_COUT1_DELAY     0.277                 15.348  2       
n156                                                         NET DELAY               0.000                 15.348  2       
counter_10_add_4_21/CI0->counter_10_add_4_21/CO0
                                          SLICE_R3C29C       CIN0_TO_COUT0_DELAY     0.277                 15.625  2       
n609                                                         NET DELAY               0.000                 15.625  2       
counter_10_add_4_21/CI1->counter_10_add_4_21/CO1
                                          SLICE_R3C29C       CIN1_TO_COUT1_DELAY     0.277                 15.902  2       
n158                                                         NET DELAY               0.000                 15.902  2       
counter_10_add_4_23/CI0->counter_10_add_4_23/CO0
                                          SLICE_R3C29D       CIN0_TO_COUT0_DELAY     0.277                 16.179  2       
n612                                                         NET DELAY               0.000                 16.179  2       
counter_10_add_4_23/CI1->counter_10_add_4_23/CO1
                                          SLICE_R3C29D       CIN1_TO_COUT1_DELAY     0.277                 16.456  2       
n160                                                         NET DELAY               1.216                 17.672  2       
counter_10_add_4_25/D0->counter_10_add_4_25/S0
                                          SLICE_R3C30A       D0_TO_F0_DELAY          0.476                 18.148  1       
led_c_31_N_1[23]                                             NET DELAY               0.000                 18.148  1       
counter_10__i24/D                                            ENDPOINT                0.000                 18.148  1       


Destination Clock Path
Name                                      Cell/Site Name     Delay Name           Incr      Arrival/Required Time  Fanout  
----------------------------------------  -----------------  -------------------  --------  ---------------------  ------  
                                                             CONSTRAINT              0.000                 20.833  1       
hf_osc.osc_inst/CLKHF                     HFOSC_HFOSC_R1C32  CLOCK LATENCY           0.000                 20.833  18      
int_osc                                                      NET DELAY               5.499                 26.332  18      
{counter_10__i24/CK   counter_10__i25/CK}
                                                             CLOCK PIN               0.000                 26.332  1       
                                                             Uncertainty          -(0.000)                 26.332  
                                                             Setup time           -(0.198)                 26.134  
----------------------------------------  -----------------  -------------------  --------  ---------------------  ------  
Required Time                                                                                              26.134  
Arrival Time                                                                                            -(18.147)  
----------------------------------------  -----------------  -------------------  --------  ---------------------  ------  
Path Slack  (Passed)                                                                                        7.986  




++++ Path 10 ++++++++++++++++++++++++++++++++++++++++++++++++++++++++++ 

Path Begin       : counter_10__i1/Q  (SLICE_R3C27A)
Path End         : counter_10__i23/D  (SLICE_R3C29D)
Source Clock     : int_osc (R)
Destination Clock: int_osc (R)
Logic Level      : 24
Delay Ratio      : 32.1% (route), 67.9% (logic)
Clock Skew       : 0.000 ns 
Setup Constraint : 20.833 ns 
Path Slack       : 8.818 ns  (Passed)


Source Clock Path
Name                                      Cell/Site Name     Delay Name           Incr      Arrival/Required Time  Fanout  
----------------------------------------  -----------------  -------------------  --------  ---------------------  ------  
hf_osc.osc_inst/CLKHF                     HFOSC_HFOSC_R1C32  CLOCK LATENCY           0.000                  0.000  18      
int_osc                                                      NET DELAY               5.499                  5.499  18      
counter_10__i1/CK                                            CLOCK PIN               0.000                  5.499  1       


Data Path
Name                                      Cell/Site Name     Delay Name           Incr      Arrival/Required Time  Fanout  
----------------------------------------  -----------------  -------------------  --------  ---------------------  ------  
counter_10__i1/CK->counter_10__i1/Q       SLICE_R3C27A       CLK_TO_Q1_DELAY         1.388                  6.887  1       
n32                                                          NET DELAY               2.022                  8.909  1       
counter_10_add_4_1/C1->counter_10_add_4_1/CO1
                                          SLICE_R3C27A       C1_TO_COUT1_DELAY       0.343                  9.252  2       
n138                                                         NET DELAY               0.000                  9.252  2       
counter_10_add_4_3/CI0->counter_10_add_4_3/CO0
                                          SLICE_R3C27B       CIN0_TO_COUT0_DELAY     0.277                  9.529  2       
n582                                                         NET DELAY               0.000                  9.529  2       
counter_10_add_4_3/CI1->counter_10_add_4_3/CO1
                                          SLICE_R3C27B       CIN1_TO_COUT1_DELAY     0.277                  9.806  2       
n140                                                         NET DELAY               0.000                  9.806  2       
counter_10_add_4_5/CI0->counter_10_add_4_5/CO0
                                          SLICE_R3C27C       CIN0_TO_COUT0_DELAY     0.277                 10.083  2       
n585                                                         NET DELAY               0.000                 10.083  2       
counter_10_add_4_5/CI1->counter_10_add_4_5/CO1
                                          SLICE_R3C27C       CIN1_TO_COUT1_DELAY     0.277                 10.360  2       
n142                                                         NET DELAY               0.000                 10.360  2       
counter_10_add_4_7/CI0->counter_10_add_4_7/CO0
                                          SLICE_R3C27D       CIN0_TO_COUT0_DELAY     0.277                 10.637  2       
n588                                                         NET DELAY               0.000                 10.637  2       
counter_10_add_4_7/CI1->counter_10_add_4_7/CO1
                                          SLICE_R3C27D       CIN1_TO_COUT1_DELAY     0.277                 10.914  2       
n144                                                         NET DELAY               0.555                 11.469  2       
counter_10_add_4_9/CI0->counter_10_add_4_9/CO0
                                          SLICE_R3C28A       CIN0_TO_COUT0_DELAY     0.277                 11.746  2       
n591                                                         NET DELAY               0.000                 11.746  2       
counter_10_add_4_9/CI1->counter_10_add_4_9/CO1
                                          SLICE_R3C28A       CIN1_TO_COUT1_DELAY     0.277                 12.023  2       
n146                                                         NET DELAY               0.000                 12.023  2       
counter_10_add_4_11/CI0->counter_10_add_4_11/CO0
                                          SLICE_R3C28B       CIN0_TO_COUT0_DELAY     0.277                 12.300  2       
n594                                                         NET DELAY               0.000                 12.300  2       
counter_10_add_4_11/CI1->counter_10_add_4_11/CO1
                                          SLICE_R3C28B       CIN1_TO_COUT1_DELAY     0.277                 12.577  2       
n148                                                         NET DELAY               0.000                 12.577  2       
counter_10_add_4_13/CI0->counter_10_add_4_13/CO0
                                          SLICE_R3C28C       CIN0_TO_COUT0_DELAY     0.277                 12.854  2       
n597                                                         NET DELAY               0.000                 12.854  2       
counter_10_add_4_13/CI1->counter_10_add_4_13/CO1
                                          SLICE_R3C28C       CIN1_TO_COUT1_DELAY     0.277                 13.131  2       
n150                                                         NET DELAY               0.000                 13.131  2       
counter_10_add_4_15/CI0->counter_10_add_4_15/CO0
                                          SLICE_R3C28D       CIN0_TO_COUT0_DELAY     0.277                 13.408  2       
n600                                                         NET DELAY               0.000                 13.408  2       
counter_10_add_4_15/CI1->counter_10_add_4_15/CO1
                                          SLICE_R3C28D       CIN1_TO_COUT1_DELAY     0.277                 13.685  2       
n152                                                         NET DELAY               0.555                 14.240  2       
counter_10_add_4_17/CI0->counter_10_add_4_17/CO0
                                          SLICE_R3C29A       CIN0_TO_COUT0_DELAY     0.277                 14.517  2       
n603                                                         NET DELAY               0.000                 14.517  2       
counter_10_add_4_17/CI1->counter_10_add_4_17/CO1
                                          SLICE_R3C29A       CIN1_TO_COUT1_DELAY     0.277                 14.794  2       
n154                                                         NET DELAY               0.000                 14.794  2       
counter_10_add_4_19/CI0->counter_10_add_4_19/CO0
                                          SLICE_R3C29B       CIN0_TO_COUT0_DELAY     0.277                 15.071  2       
n606                                                         NET DELAY               0.000                 15.071  2       
counter_10_add_4_19/CI1->counter_10_add_4_19/CO1
                                          SLICE_R3C29B       CIN1_TO_COUT1_DELAY     0.277                 15.348  2       
n156                                                         NET DELAY               0.000                 15.348  2       
counter_10_add_4_21/CI0->counter_10_add_4_21/CO0
                                          SLICE_R3C29C       CIN0_TO_COUT0_DELAY     0.277                 15.625  2       
n609                                                         NET DELAY               0.000                 15.625  2       
counter_10_add_4_21/CI1->counter_10_add_4_21/CO1
                                          SLICE_R3C29C       CIN1_TO_COUT1_DELAY     0.277                 15.902  2       
n158                                                         NET DELAY               0.000                 15.902  2       
counter_10_add_4_23/CI0->counter_10_add_4_23/CO0
                                          SLICE_R3C29D       CIN0_TO_COUT0_DELAY     0.277                 16.179  2       
n612                                                         NET DELAY               0.661                 16.840  2       
counter_10_add_4_23/D1->counter_10_add_4_23/S1
                                          SLICE_R3C29D       D1_TO_F1_DELAY          0.476                 17.316  1       
led_c_31_N_1[22]                                             NET DELAY               0.000                 17.316  1       
counter_10__i23/D                                            ENDPOINT                0.000                 17.316  1       


Destination Clock Path
Name                                      Cell/Site Name     Delay Name           Incr      Arrival/Required Time  Fanout  
----------------------------------------  -----------------  -------------------  --------  ---------------------  ------  
                                                             CONSTRAINT              0.000                 20.833  1       
hf_osc.osc_inst/CLKHF                     HFOSC_HFOSC_R1C32  CLOCK LATENCY           0.000                 20.833  18      
int_osc                                                      NET DELAY               5.499                 26.332  18      
{counter_10__i22/CK   counter_10__i23/CK}
                                                             CLOCK PIN               0.000                 26.332  1       
                                                             Uncertainty          -(0.000)                 26.332  
                                                             Setup time           -(0.198)                 26.134  
----------------------------------------  -----------------  -------------------  --------  ---------------------  ------  
Required Time                                                                                              26.134  
Arrival Time                                                                                            -(17.315)  
----------------------------------------  -----------------  -------------------  --------  ---------------------  ------  
Path Slack  (Passed)                                                                                        8.818  



+++++++++++++++++++++++++++++++++++++++++++++++++++++++++++++++++++++ 
                    End of Detailed Report for timing paths 
+++++++++++++++++++++++++++++++++++++++++++++++++++++++++++++++++++++ 


##########################################################



===============================================================
3  Hold at Speed Grade m Corner at -40 Degrees
===============================================================

3.1  Endpoint slacks
=======================
-------------------------------------------------------
          Listing 10 End Points          |    Slack    
-------------------------------------------------------
counter_10__i23/D                        |    1.913 ns 
counter_10__i24/D                        |    1.913 ns 
counter_10__i25/D                        |    1.913 ns 
counter_10__i26/D                        |    1.913 ns 
counter_10__i27/D                        |    1.913 ns 
counter_10__i28/D                        |    1.913 ns 
counter_10__i29/D                        |    1.913 ns 
counter_10__i30/D                        |    1.913 ns 
counter_10__i31/D                        |    1.913 ns 
counter_10__i32/D                        |    1.913 ns 
-------------------------------------------------------
                                         |             
Hold # of endpoints with negative slack: |           0 
                                         |             
-------------------------------------------------------

3.2  Detailed Report
=======================


XXXXXXXXXXXXXXXXXXXXXXXXXXXXXXXXXXXXXXXXXXXXXXXXXXXXXXXXXX

Detail report of critical paths

XXXXXXXXXXXXXXXXXXXXXXXXXXXXXXXXXXXXXXXXXXXXXXXXXXXXXXXXXX

 +++++++++++++++++++++++++++++++++++++++++++++++++++++++++++++++++++++
                    Detailed Report for timing paths 
 +++++++++++++++++++++++++++++++++++++++++++++++++++++++++++++++++++++

 ++++Path 1  ++++++++++++++++++++++++++++++++++++++++++++++++++++++++++

Path Begin       : counter_10__i23/Q  (SLICE_R3C29D)
Path End         : counter_10__i23/D  (SLICE_R3C29D)
Source Clock     : int_osc (R)
Destination Clock: int_osc (R)
Logic Level      : 2
Delay Ratio      : 46.1% (route), 53.9% (logic)
Clock Skew       : 0.000 ns 
Hold Constraint  : 0.000 ns 
Path Slack       : 1.913 ns  (Passed)


Source Clock Path
Name                                      Cell/Site Name     Delay Name       Incr   Arrival/Required Time  Fanout  
----------------------------------------  -----------------  ---------------  -----  ---------------------  ------  
hf_osc.osc_inst/CLKHF                     HFOSC_HFOSC_R1C32  CLOCK LATENCY    0.000                  0.000  19      
int_osc                                                      NET DELAY        3.084                  3.084  19      
{counter_10__i22/CK   counter_10__i23/CK}
                                                             CLOCK PIN        0.000                  3.084  1       


Data Path
Name                                      Cell/Site Name     Delay Name       Incr   Arrival/Required Time  Fanout  
----------------------------------------  -----------------  ---------------  -----  ---------------------  ------  
counter_10__i23/CK->counter_10__i23/Q     SLICE_R3C29D       CLK_TO_Q1_DELAY  0.779                  3.863  1       
n10                                                          NET DELAY        0.882                  4.745  1       
counter_10_add_4_23/C1->counter_10_add_4_23/S1
                                          SLICE_R3C29D       C1_TO_F1_DELAY   0.252                  4.997  1       
led_c_31_N_1[22]                                             NET DELAY        0.000                  4.997  1       
counter_10__i23/D                                            ENDPOINT         0.000                  4.997  1       


Destination Clock Path
Name                                      Cell/Site Name     Delay Name       Incr   Arrival/Required Time  Fanout  
----------------------------------------  -----------------  ---------------  -----  ---------------------  ------  
                                                             CONSTRAINT       0.000                  0.000  1       
hf_osc.osc_inst/CLKHF                     HFOSC_HFOSC_R1C32  CLOCK LATENCY    0.000                  0.000  19      
int_osc                                                      NET DELAY        3.084                  3.084  19      
{counter_10__i22/CK   counter_10__i23/CK}
                                                             CLOCK PIN        0.000                  3.084  1       
                                                             Uncertainty      0.000                  3.084  
                                                             Hold time        0.000                  3.084  
----------------------------------------  -----------------  ---------------  -----  ---------------------  ------  
Required Time                                                                                       -3.084  
Arrival Time                                                                                         4.997  
----------------------------------------  -----------------  ---------------  -----  ---------------------  ------  
Path Slack  (Passed)                                                                                 1.913  




++++ Path 2 ++++++++++++++++++++++++++++++++++++++++++++++++++++++++++ 

Path Begin       : counter_10__i24/Q  (SLICE_R3C30A)
Path End         : counter_10__i24/D  (SLICE_R3C30A)
Source Clock     : int_osc (R)
Destination Clock: int_osc (R)
Logic Level      : 2
Delay Ratio      : 46.1% (route), 53.9% (logic)
Clock Skew       : 0.000 ns 
Hold Constraint  : 0.000 ns 
Path Slack       : 1.913 ns  (Passed)


Source Clock Path
Name                                      Cell/Site Name     Delay Name       Incr   Arrival/Required Time  Fanout  
----------------------------------------  -----------------  ---------------  -----  ---------------------  ------  
hf_osc.osc_inst/CLKHF                     HFOSC_HFOSC_R1C32  CLOCK LATENCY    0.000                  0.000  19      
int_osc                                                      NET DELAY        3.084                  3.084  19      
{counter_10__i24/CK   counter_10__i25/CK}
                                                             CLOCK PIN        0.000                  3.084  1       


Data Path
Name                                      Cell/Site Name     Delay Name       Incr   Arrival/Required Time  Fanout  
----------------------------------------  -----------------  ---------------  -----  ---------------------  ------  
counter_10__i24/CK->counter_10__i24/Q     SLICE_R3C30A       CLK_TO_Q0_DELAY  0.779                  3.863  1       
n9                                                           NET DELAY        0.882                  4.745  1       
counter_10_add_4_25/C0->counter_10_add_4_25/S0
                                          SLICE_R3C30A       C0_TO_F0_DELAY   0.252                  4.997  1       
led_c_31_N_1[23]                                             NET DELAY        0.000                  4.997  1       
counter_10__i24/D                                            ENDPOINT         0.000                  4.997  1       


Destination Clock Path
Name                                      Cell/Site Name     Delay Name       Incr   Arrival/Required Time  Fanout  
----------------------------------------  -----------------  ---------------  -----  ---------------------  ------  
                                                             CONSTRAINT       0.000                  0.000  1       
hf_osc.osc_inst/CLKHF                     HFOSC_HFOSC_R1C32  CLOCK LATENCY    0.000                  0.000  19      
int_osc                                                      NET DELAY        3.084                  3.084  19      
{counter_10__i24/CK   counter_10__i25/CK}
                                                             CLOCK PIN        0.000                  3.084  1       
                                                             Uncertainty      0.000                  3.084  
                                                             Hold time        0.000                  3.084  
----------------------------------------  -----------------  ---------------  -----  ---------------------  ------  
Required Time                                                                                       -3.084  
Arrival Time                                                                                         4.997  
----------------------------------------  -----------------  ---------------  -----  ---------------------  ------  
Path Slack  (Passed)                                                                                 1.913  




++++ Path 3 ++++++++++++++++++++++++++++++++++++++++++++++++++++++++++ 

Path Begin       : counter_10__i25/Q  (SLICE_R3C30A)
Path End         : counter_10__i25/D  (SLICE_R3C30A)
Source Clock     : int_osc (R)
Destination Clock: int_osc (R)
Logic Level      : 2
Delay Ratio      : 46.1% (route), 53.9% (logic)
Clock Skew       : 0.000 ns 
Hold Constraint  : 0.000 ns 
Path Slack       : 1.913 ns  (Passed)


Source Clock Path
Name                                      Cell/Site Name     Delay Name       Incr   Arrival/Required Time  Fanout  
----------------------------------------  -----------------  ---------------  -----  ---------------------  ------  
hf_osc.osc_inst/CLKHF                     HFOSC_HFOSC_R1C32  CLOCK LATENCY    0.000                  0.000  19      
int_osc                                                      NET DELAY        3.084                  3.084  19      
{counter_10__i24/CK   counter_10__i25/CK}
                                                             CLOCK PIN        0.000                  3.084  1       


Data Path
Name                                      Cell/Site Name     Delay Name       Incr   Arrival/Required Time  Fanout  
----------------------------------------  -----------------  ---------------  -----  ---------------------  ------  
counter_10__i25/CK->counter_10__i25/Q     SLICE_R3C30A       CLK_TO_Q1_DELAY  0.779                  3.863  1       
n8                                                           NET DELAY        0.882                  4.745  1       
counter_10_add_4_25/C1->counter_10_add_4_25/S1
                                          SLICE_R3C30A       C1_TO_F1_DELAY   0.252                  4.997  1       
led_c_31_N_1[24]                                             NET DELAY        0.000                  4.997  1       
counter_10__i25/D                                            ENDPOINT         0.000                  4.997  1       


Destination Clock Path
Name                                      Cell/Site Name     Delay Name       Incr   Arrival/Required Time  Fanout  
----------------------------------------  -----------------  ---------------  -----  ---------------------  ------  
                                                             CONSTRAINT       0.000                  0.000  1       
hf_osc.osc_inst/CLKHF                     HFOSC_HFOSC_R1C32  CLOCK LATENCY    0.000                  0.000  19      
int_osc                                                      NET DELAY        3.084                  3.084  19      
{counter_10__i24/CK   counter_10__i25/CK}
                                                             CLOCK PIN        0.000                  3.084  1       
                                                             Uncertainty      0.000                  3.084  
                                                             Hold time        0.000                  3.084  
----------------------------------------  -----------------  ---------------  -----  ---------------------  ------  
Required Time                                                                                       -3.084  
Arrival Time                                                                                         4.997  
----------------------------------------  -----------------  ---------------  -----  ---------------------  ------  
Path Slack  (Passed)                                                                                 1.913  




++++ Path 4 ++++++++++++++++++++++++++++++++++++++++++++++++++++++++++ 

Path Begin       : counter_10__i26/Q  (SLICE_R3C30B)
Path End         : counter_10__i26/D  (SLICE_R3C30B)
Source Clock     : int_osc (R)
Destination Clock: int_osc (R)
Logic Level      : 2
Delay Ratio      : 46.1% (route), 53.9% (logic)
Clock Skew       : 0.000 ns 
Hold Constraint  : 0.000 ns 
Path Slack       : 1.913 ns  (Passed)


Source Clock Path
Name                                      Cell/Site Name     Delay Name       Incr   Arrival/Required Time  Fanout  
----------------------------------------  -----------------  ---------------  -----  ---------------------  ------  
hf_osc.osc_inst/CLKHF                     HFOSC_HFOSC_R1C32  CLOCK LATENCY    0.000                  0.000  19      
int_osc                                                      NET DELAY        3.084                  3.084  19      
{counter_10__i26/CK   counter_10__i27/CK}
                                                             CLOCK PIN        0.000                  3.084  1       


Data Path
Name                                      Cell/Site Name     Delay Name       Incr   Arrival/Required Time  Fanout  
----------------------------------------  -----------------  ---------------  -----  ---------------------  ------  
counter_10__i26/CK->counter_10__i26/Q     SLICE_R3C30B       CLK_TO_Q0_DELAY  0.779                  3.863  1       
n7                                                           NET DELAY        0.882                  4.745  1       
counter_10_add_4_27/C0->counter_10_add_4_27/S0
                                          SLICE_R3C30B       C0_TO_F0_DELAY   0.252                  4.997  1       
led_c_31_N_1[25]                                             NET DELAY        0.000                  4.997  1       
counter_10__i26/D                                            ENDPOINT         0.000                  4.997  1       


Destination Clock Path
Name                                      Cell/Site Name     Delay Name       Incr   Arrival/Required Time  Fanout  
----------------------------------------  -----------------  ---------------  -----  ---------------------  ------  
                                                             CONSTRAINT       0.000                  0.000  1       
hf_osc.osc_inst/CLKHF                     HFOSC_HFOSC_R1C32  CLOCK LATENCY    0.000                  0.000  19      
int_osc                                                      NET DELAY        3.084                  3.084  19      
{counter_10__i26/CK   counter_10__i27/CK}
                                                             CLOCK PIN        0.000                  3.084  1       
                                                             Uncertainty      0.000                  3.084  
                                                             Hold time        0.000                  3.084  
----------------------------------------  -----------------  ---------------  -----  ---------------------  ------  
Required Time                                                                                       -3.084  
Arrival Time                                                                                         4.997  
----------------------------------------  -----------------  ---------------  -----  ---------------------  ------  
Path Slack  (Passed)                                                                                 1.913  




++++ Path 5 ++++++++++++++++++++++++++++++++++++++++++++++++++++++++++ 

Path Begin       : counter_10__i27/Q  (SLICE_R3C30B)
Path End         : counter_10__i27/D  (SLICE_R3C30B)
Source Clock     : int_osc (R)
Destination Clock: int_osc (R)
Logic Level      : 2
Delay Ratio      : 46.1% (route), 53.9% (logic)
Clock Skew       : 0.000 ns 
Hold Constraint  : 0.000 ns 
Path Slack       : 1.913 ns  (Passed)


Source Clock Path
Name                                      Cell/Site Name     Delay Name       Incr   Arrival/Required Time  Fanout  
----------------------------------------  -----------------  ---------------  -----  ---------------------  ------  
hf_osc.osc_inst/CLKHF                     HFOSC_HFOSC_R1C32  CLOCK LATENCY    0.000                  0.000  19      
int_osc                                                      NET DELAY        3.084                  3.084  19      
{counter_10__i26/CK   counter_10__i27/CK}
                                                             CLOCK PIN        0.000                  3.084  1       


Data Path
Name                                      Cell/Site Name     Delay Name       Incr   Arrival/Required Time  Fanout  
----------------------------------------  -----------------  ---------------  -----  ---------------------  ------  
counter_10__i27/CK->counter_10__i27/Q     SLICE_R3C30B       CLK_TO_Q1_DELAY  0.779                  3.863  1       
n6                                                           NET DELAY        0.882                  4.745  1       
counter_10_add_4_27/C1->counter_10_add_4_27/S1
                                          SLICE_R3C30B       C1_TO_F1_DELAY   0.252                  4.997  1       
led_c_31_N_1[26]                                             NET DELAY        0.000                  4.997  1       
counter_10__i27/D                                            ENDPOINT         0.000                  4.997  1       


Destination Clock Path
Name                                      Cell/Site Name     Delay Name       Incr   Arrival/Required Time  Fanout  
----------------------------------------  -----------------  ---------------  -----  ---------------------  ------  
                                                             CONSTRAINT       0.000                  0.000  1       
hf_osc.osc_inst/CLKHF                     HFOSC_HFOSC_R1C32  CLOCK LATENCY    0.000                  0.000  19      
int_osc                                                      NET DELAY        3.084                  3.084  19      
{counter_10__i26/CK   counter_10__i27/CK}
                                                             CLOCK PIN        0.000                  3.084  1       
                                                             Uncertainty      0.000                  3.084  
                                                             Hold time        0.000                  3.084  
----------------------------------------  -----------------  ---------------  -----  ---------------------  ------  
Required Time                                                                                       -3.084  
Arrival Time                                                                                         4.997  
----------------------------------------  -----------------  ---------------  -----  ---------------------  ------  
Path Slack  (Passed)                                                                                 1.913  




++++ Path 6 ++++++++++++++++++++++++++++++++++++++++++++++++++++++++++ 

Path Begin       : counter_10__i28/Q  (SLICE_R3C30C)
Path End         : counter_10__i28/D  (SLICE_R3C30C)
Source Clock     : int_osc (R)
Destination Clock: int_osc (R)
Logic Level      : 2
Delay Ratio      : 46.1% (route), 53.9% (logic)
Clock Skew       : 0.000 ns 
Hold Constraint  : 0.000 ns 
Path Slack       : 1.913 ns  (Passed)


Source Clock Path
Name                                      Cell/Site Name     Delay Name       Incr   Arrival/Required Time  Fanout  
----------------------------------------  -----------------  ---------------  -----  ---------------------  ------  
hf_osc.osc_inst/CLKHF                     HFOSC_HFOSC_R1C32  CLOCK LATENCY    0.000                  0.000  19      
int_osc                                                      NET DELAY        3.084                  3.084  19      
{counter_10__i28/CK   counter_10__i29/CK}
                                                             CLOCK PIN        0.000                  3.084  1       


Data Path
Name                                      Cell/Site Name     Delay Name       Incr   Arrival/Required Time  Fanout  
----------------------------------------  -----------------  ---------------  -----  ---------------------  ------  
counter_10__i28/CK->counter_10__i28/Q     SLICE_R3C30C       CLK_TO_Q0_DELAY  0.779                  3.863  1       
n5                                                           NET DELAY        0.882                  4.745  1       
counter_10_add_4_29/C0->counter_10_add_4_29/S0
                                          SLICE_R3C30C       C0_TO_F0_DELAY   0.252                  4.997  1       
led_c_31_N_1[27]                                             NET DELAY        0.000                  4.997  1       
counter_10__i28/D                                            ENDPOINT         0.000                  4.997  1       


Destination Clock Path
Name                                      Cell/Site Name     Delay Name       Incr   Arrival/Required Time  Fanout  
----------------------------------------  -----------------  ---------------  -----  ---------------------  ------  
                                                             CONSTRAINT       0.000                  0.000  1       
hf_osc.osc_inst/CLKHF                     HFOSC_HFOSC_R1C32  CLOCK LATENCY    0.000                  0.000  19      
int_osc                                                      NET DELAY        3.084                  3.084  19      
{counter_10__i28/CK   counter_10__i29/CK}
                                                             CLOCK PIN        0.000                  3.084  1       
                                                             Uncertainty      0.000                  3.084  
                                                             Hold time        0.000                  3.084  
----------------------------------------  -----------------  ---------------  -----  ---------------------  ------  
Required Time                                                                                       -3.084  
Arrival Time                                                                                         4.997  
----------------------------------------  -----------------  ---------------  -----  ---------------------  ------  
Path Slack  (Passed)                                                                                 1.913  




++++ Path 7 ++++++++++++++++++++++++++++++++++++++++++++++++++++++++++ 

Path Begin       : counter_10__i29/Q  (SLICE_R3C30C)
Path End         : counter_10__i29/D  (SLICE_R3C30C)
Source Clock     : int_osc (R)
Destination Clock: int_osc (R)
Logic Level      : 2
Delay Ratio      : 46.1% (route), 53.9% (logic)
Clock Skew       : 0.000 ns 
Hold Constraint  : 0.000 ns 
Path Slack       : 1.913 ns  (Passed)


Source Clock Path
Name                                      Cell/Site Name     Delay Name       Incr   Arrival/Required Time  Fanout  
----------------------------------------  -----------------  ---------------  -----  ---------------------  ------  
hf_osc.osc_inst/CLKHF                     HFOSC_HFOSC_R1C32  CLOCK LATENCY    0.000                  0.000  19      
int_osc                                                      NET DELAY        3.084                  3.084  19      
{counter_10__i28/CK   counter_10__i29/CK}
                                                             CLOCK PIN        0.000                  3.084  1       


Data Path
Name                                      Cell/Site Name     Delay Name       Incr   Arrival/Required Time  Fanout  
----------------------------------------  -----------------  ---------------  -----  ---------------------  ------  
counter_10__i29/CK->counter_10__i29/Q     SLICE_R3C30C       CLK_TO_Q1_DELAY  0.779                  3.863  1       
n4                                                           NET DELAY        0.882                  4.745  1       
counter_10_add_4_29/C1->counter_10_add_4_29/S1
                                          SLICE_R3C30C       C1_TO_F1_DELAY   0.252                  4.997  1       
led_c_31_N_1[28]                                             NET DELAY        0.000                  4.997  1       
counter_10__i29/D                                            ENDPOINT         0.000                  4.997  1       


Destination Clock Path
Name                                      Cell/Site Name     Delay Name       Incr   Arrival/Required Time  Fanout  
----------------------------------------  -----------------  ---------------  -----  ---------------------  ------  
                                                             CONSTRAINT       0.000                  0.000  1       
hf_osc.osc_inst/CLKHF                     HFOSC_HFOSC_R1C32  CLOCK LATENCY    0.000                  0.000  19      
int_osc                                                      NET DELAY        3.084                  3.084  19      
{counter_10__i28/CK   counter_10__i29/CK}
                                                             CLOCK PIN        0.000                  3.084  1       
                                                             Uncertainty      0.000                  3.084  
                                                             Hold time        0.000                  3.084  
----------------------------------------  -----------------  ---------------  -----  ---------------------  ------  
Required Time                                                                                       -3.084  
Arrival Time                                                                                         4.997  
----------------------------------------  -----------------  ---------------  -----  ---------------------  ------  
Path Slack  (Passed)                                                                                 1.913  




++++ Path 8 ++++++++++++++++++++++++++++++++++++++++++++++++++++++++++ 

Path Begin       : counter_10__i30/Q  (SLICE_R3C30D)
Path End         : counter_10__i30/D  (SLICE_R3C30D)
Source Clock     : int_osc (R)
Destination Clock: int_osc (R)
Logic Level      : 2
Delay Ratio      : 46.1% (route), 53.9% (logic)
Clock Skew       : 0.000 ns 
Hold Constraint  : 0.000 ns 
Path Slack       : 1.913 ns  (Passed)


Source Clock Path
Name                                      Cell/Site Name     Delay Name       Incr   Arrival/Required Time  Fanout  
----------------------------------------  -----------------  ---------------  -----  ---------------------  ------  
hf_osc.osc_inst/CLKHF                     HFOSC_HFOSC_R1C32  CLOCK LATENCY    0.000                  0.000  19      
int_osc                                                      NET DELAY        3.084                  3.084  19      
{counter_10__i30/CK   counter_10__i31/CK}
                                                             CLOCK PIN        0.000                  3.084  1       


Data Path
Name                                      Cell/Site Name     Delay Name       Incr   Arrival/Required Time  Fanout  
----------------------------------------  -----------------  ---------------  -----  ---------------------  ------  
counter_10__i30/CK->counter_10__i30/Q     SLICE_R3C30D       CLK_TO_Q0_DELAY  0.779                  3.863  1       
n3                                                           NET DELAY        0.882                  4.745  1       
counter_10_add_4_31/C0->counter_10_add_4_31/S0
                                          SLICE_R3C30D       C0_TO_F0_DELAY   0.252                  4.997  1       
led_c_31_N_1[29]                                             NET DELAY        0.000                  4.997  1       
counter_10__i30/D                                            ENDPOINT         0.000                  4.997  1       


Destination Clock Path
Name                                      Cell/Site Name     Delay Name       Incr   Arrival/Required Time  Fanout  
----------------------------------------  -----------------  ---------------  -----  ---------------------  ------  
                                                             CONSTRAINT       0.000                  0.000  1       
hf_osc.osc_inst/CLKHF                     HFOSC_HFOSC_R1C32  CLOCK LATENCY    0.000                  0.000  19      
int_osc                                                      NET DELAY        3.084                  3.084  19      
{counter_10__i30/CK   counter_10__i31/CK}
                                                             CLOCK PIN        0.000                  3.084  1       
                                                             Uncertainty      0.000                  3.084  
                                                             Hold time        0.000                  3.084  
----------------------------------------  -----------------  ---------------  -----  ---------------------  ------  
Required Time                                                                                       -3.084  
Arrival Time                                                                                         4.997  
----------------------------------------  -----------------  ---------------  -----  ---------------------  ------  
Path Slack  (Passed)                                                                                 1.913  




++++ Path 9 ++++++++++++++++++++++++++++++++++++++++++++++++++++++++++ 

Path Begin       : counter_10__i31/Q  (SLICE_R3C30D)
Path End         : counter_10__i31/D  (SLICE_R3C30D)
Source Clock     : int_osc (R)
Destination Clock: int_osc (R)
Logic Level      : 2
Delay Ratio      : 46.1% (route), 53.9% (logic)
Clock Skew       : 0.000 ns 
Hold Constraint  : 0.000 ns 
Path Slack       : 1.913 ns  (Passed)


Source Clock Path
Name                                      Cell/Site Name     Delay Name       Incr   Arrival/Required Time  Fanout  
----------------------------------------  -----------------  ---------------  -----  ---------------------  ------  
hf_osc.osc_inst/CLKHF                     HFOSC_HFOSC_R1C32  CLOCK LATENCY    0.000                  0.000  19      
int_osc                                                      NET DELAY        3.084                  3.084  19      
{counter_10__i30/CK   counter_10__i31/CK}
                                                             CLOCK PIN        0.000                  3.084  1       


Data Path
Name                                      Cell/Site Name     Delay Name       Incr   Arrival/Required Time  Fanout  
----------------------------------------  -----------------  ---------------  -----  ---------------------  ------  
counter_10__i31/CK->counter_10__i31/Q     SLICE_R3C30D       CLK_TO_Q1_DELAY  0.779                  3.863  1       
n2                                                           NET DELAY        0.882                  4.745  1       
counter_10_add_4_31/C1->counter_10_add_4_31/S1
                                          SLICE_R3C30D       C1_TO_F1_DELAY   0.252                  4.997  1       
led_c_31_N_1[30]                                             NET DELAY        0.000                  4.997  1       
counter_10__i31/D                                            ENDPOINT         0.000                  4.997  1       


Destination Clock Path
Name                                      Cell/Site Name     Delay Name       Incr   Arrival/Required Time  Fanout  
----------------------------------------  -----------------  ---------------  -----  ---------------------  ------  
                                                             CONSTRAINT       0.000                  0.000  1       
hf_osc.osc_inst/CLKHF                     HFOSC_HFOSC_R1C32  CLOCK LATENCY    0.000                  0.000  19      
int_osc                                                      NET DELAY        3.084                  3.084  19      
{counter_10__i30/CK   counter_10__i31/CK}
                                                             CLOCK PIN        0.000                  3.084  1       
                                                             Uncertainty      0.000                  3.084  
                                                             Hold time        0.000                  3.084  
----------------------------------------  -----------------  ---------------  -----  ---------------------  ------  
Required Time                                                                                       -3.084  
Arrival Time                                                                                         4.997  
----------------------------------------  -----------------  ---------------  -----  ---------------------  ------  
Path Slack  (Passed)                                                                                 1.913  




++++ Path 10 ++++++++++++++++++++++++++++++++++++++++++++++++++++++++++ 

Path Begin       : counter_10__i32/Q  (SLICE_R3C31A)
Path End         : counter_10__i32/D  (SLICE_R3C31A)
Source Clock     : int_osc (R)
Destination Clock: int_osc (R)
Logic Level      : 2
Delay Ratio      : 46.1% (route), 53.9% (logic)
Clock Skew       : 0.000 ns 
Hold Constraint  : 0.000 ns 
Path Slack       : 1.913 ns  (Passed)


Source Clock Path
Name                                      Cell/Site Name     Delay Name       Incr   Arrival/Required Time  Fanout  
----------------------------------------  -----------------  ---------------  -----  ---------------------  ------  
hf_osc.osc_inst/CLKHF                     HFOSC_HFOSC_R1C32  CLOCK LATENCY    0.000                  0.000  19      
int_osc                                                      NET DELAY        3.084                  3.084  19      
counter_10__i32/CK                                           CLOCK PIN        0.000                  3.084  1       


Data Path
Name                                      Cell/Site Name     Delay Name       Incr   Arrival/Required Time  Fanout  
----------------------------------------  -----------------  ---------------  -----  ---------------------  ------  
counter_10__i32/CK->counter_10__i32/Q     SLICE_R3C31A       CLK_TO_Q0_DELAY  0.779                  3.863  2       
led_c_31                                                     NET DELAY        0.882                  4.745  2       
counter_10_add_4_33/C0->counter_10_add_4_33/S0
                                          SLICE_R3C31A       C0_TO_F0_DELAY   0.252                  4.997  1       
led_c_31_N_1[31]                                             NET DELAY        0.000                  4.997  1       
counter_10__i32/D                                            ENDPOINT         0.000                  4.997  1       


Destination Clock Path
Name                                      Cell/Site Name     Delay Name       Incr   Arrival/Required Time  Fanout  
----------------------------------------  -----------------  ---------------  -----  ---------------------  ------  
                                                             CONSTRAINT       0.000                  0.000  1       
hf_osc.osc_inst/CLKHF                     HFOSC_HFOSC_R1C32  CLOCK LATENCY    0.000                  0.000  19      
int_osc                                                      NET DELAY        3.084                  3.084  19      
counter_10__i32/CK                                           CLOCK PIN        0.000                  3.084  1       
                                                             Uncertainty      0.000                  3.084  
                                                             Hold time        0.000                  3.084  
----------------------------------------  -----------------  ---------------  -----  ---------------------  ------  
Required Time                                                                                       -3.084  
Arrival Time                                                                                         4.997  
----------------------------------------  -----------------  ---------------  -----  ---------------------  ------  
Path Slack  (Passed)                                                                                 1.913  



+++++++++++++++++++++++++++++++++++++++++++++++++++++++++++++++++++++ 
                    End of Detailed Report for timing paths 
+++++++++++++++++++++++++++++++++++++++++++++++++++++++++++++++++++++ 


##########################################################



